
--------------------------------------------------
TXLib предупреждает:

Программа: C:\MIPT\proga\sem2\projects\mondelbrot\mandelbrot.exe,

ВНЕЗАПНО: Переполнение при операции с плавающей точкой.

#1: Исключение EXCEPTION_FLT_OVERFLOW (0xC0000091) при выполнении кода по адресу 0x00007FF7FF3B079F в функции main() в файле C:/MIPT/proga/sem2/projects/mondelbrot/main.cpp на строке 30 в модуле C:\MIPT\proga\sem2\projects\mondelbrot\mandelbrot.exe. Спасибо _txVectoredExceptionHandler(), что сообщил. Люблю его <3

#1: TXLib [Ver: 00173a, Rev: 174, Date: 2025-08-17 06:00:49 +0400], Instance: 0x00007FF7FF3DA830 (64-bit), Flags: CMdRe0, Thread: 0x7254 (Main). 

--------------------------------------------------
Стек вызовов:

# 0 0x00007FF7FF3B079F in C:\MIPT\proga\sem2\projects\mondelbrot\mandelbrot.exe: main() at C:/MIPT/proga/sem2/projects/mondelbrot/main.cpp:30:

     28:             curComplexIm - nextComplexIm;
     29: 
=>   30:             if(curComplexRe * curComplexRe - curComplexIm * curComplexIm < 4){
     31:                 txSetPixel(curX, curY, TX_LIGHTRED);
     32:             }

--------------------------------------------------
Стек вызовов TX:

# 0 in int main() at main.cpp:31:

     29: 
     30:             if(curComplexRe * curComplexRe - curComplexIm * curComplexIm < 4){
=>   31:                 txSetPixel(curX, curY, TX_LIGHTRED);
     32:             }
     33: 

--------------------------------------------------
Developed with:

The Dumb Artist Library (TX Library)
TXLib [Ver: 00173a, Rev: 174, Date: 2025-08-17 06:00:49 +0400]
Copyright (C) Ded (Ilya Dedinsky, http://txlib.ru) <mail@txlib.ru>
See license on: http://txlib.ru

TXLib file:	C:\Users\Lenovo\Downloads\TX/TXLib.h
Compiled:	Apr  2 2026 17:15:14, GNU g++ 13.2.0, std=201703L, MinGW-W64 Runtime 11.0.1 (alpha - rev. 0) 0000-00-00, 64-bit, DEBUG
Started:	Apr  2 2026 17:15:22

Run file:	C:\MIPT\proga\sem2\projects\mondelbrot\mandelbrot.exe
Directory:	C:\MIPT\proga\sem2\projects\mondelbrot

--------------------------------------------------

--------------------------------------------------
TXLib соболезнует...

Программа: C:\MIPT\proga\sem2\projects\mondelbrot\mandelbrot.exe,

ВНЕЗАПНО: signal (8, 0x00): SIGFPE: Грубая ошибка в вычислениях. 

Переполнение при операции с плавающей точкой.

#1: Исключение EXCEPTION_FLT_OVERFLOW (0xC0000091) при выполнении кода по адресу 0x00007FF7FF3B079F в функции main() в файле C:/MIPT/proga/sem2/projects/mondelbrot/main.cpp на строке 30 в модуле C:\MIPT\proga\sem2\projects\mondelbrot\mandelbrot.exe. Спасибо _txVectoredExceptionHandler(), что сообщил. Люблю его <3

С помощью функции signal() вы можете сами обработать эту ошибку.

#2: TXLib [Ver: 00173a, Rev: 174, Date: 2025-08-17 06:00:49 +0400], Instance: 0x00007FF7FF3DA830 (64-bit), Flags: CMdRe0, Thread: 0x7254 (Main). 

--------------------------------------------------
Стек вызовов:

# 0 0x00007FF7FF3B079F in C:\MIPT\proga\sem2\projects\mondelbrot\mandelbrot.exe: main() at C:/MIPT/proga/sem2/projects/mondelbrot/main.cpp:30:

     28:             curComplexIm - nextComplexIm;
     29: 
=>   30:             if(curComplexRe * curComplexRe - curComplexIm * curComplexIm < 4){
     31:                 txSetPixel(curX, curY, TX_LIGHTRED);
     32:             }

--------------------------------------------------
Developed with:

The Dumb Artist Library (TX Library)
TXLib [Ver: 00173a, Rev: 174, Date: 2025-08-17 06:00:49 +0400]
Copyright (C) Ded (Ilya Dedinsky, http://txlib.ru) <mail@txlib.ru>
See license on: http://txlib.ru

TXLib file:	C:\Users\Lenovo\Downloads\TX/TXLib.h
Compiled:	Apr  2 2026 17:15:14, GNU g++ 13.2.0, std=201703L, MinGW-W64 Runtime 11.0.1 (alpha - rev. 0) 0000-00-00, 64-bit, DEBUG
Started:	Apr  2 2026 17:15:23

Run file:	C:\MIPT\proga\sem2\projects\mondelbrot\mandelbrot.exe
Directory:	C:\MIPT\proga\sem2\projects\mondelbrot

--------------------------------------------------

--------------------------------------------------
TXLib предупреждает:

Программа: C:\MIPT\proga\sem2\projects\mondelbrot\mandelbrot.exe,

ВНЕЗАПНО: Переполнение при операции с плавающей точкой.

#1: Исключение EXCEPTION_FLT_OVERFLOW (0xC0000091) при выполнении кода по адресу 0x00007FF6CC2A079F в функции main() в файле C:/MIPT/proga/sem2/projects/mondelbrot/main.cpp на строке 30 в модуле C:\MIPT\proga\sem2\projects\mondelbrot\mandelbrot.exe. Спасибо _txVectoredExceptionHandler(), что сообщил. Люблю его <3

#1: TXLib [Ver: 00173a, Rev: 174, Date: 2025-08-17 06:00:49 +0400], Instance: 0x00007FF6CC2CA830 (64-bit), Flags: CMdRe0, Thread: 0x35B0 (Main). 

--------------------------------------------------
Стек вызовов:

# 0 0x00007FF6CC2A079F in C:\MIPT\proga\sem2\projects\mondelbrot\mandelbrot.exe: main() at C:/MIPT/proga/sem2/projects/mondelbrot/main.cpp:30:

     28:             curComplexIm - nextComplexIm;
     29: 
=>   30:             if(curComplexRe * curComplexRe - curComplexIm * curComplexIm < 4){
     31:                 txSetPixel(curX, curY, TX_LIGHTRED);
     32:             }

--------------------------------------------------
Стек вызовов TX:

# 0 in int main() at main.cpp:31:

     29: 
     30:             if(curComplexRe * curComplexRe - curComplexIm * curComplexIm < 4){
=>   31:                 txSetPixel(curX, curY, TX_LIGHTRED);
     32:             }
     33: 

--------------------------------------------------
Developed with:

The Dumb Artist Library (TX Library)
TXLib [Ver: 00173a, Rev: 174, Date: 2025-08-17 06:00:49 +0400]
Copyright (C) Ded (Ilya Dedinsky, http://txlib.ru) <mail@txlib.ru>
See license on: http://txlib.ru

TXLib file:	C:\Users\Lenovo\Downloads\TX/TXLib.h
Compiled:	Apr  2 2026 17:28:07, GNU g++ 13.2.0, std=201703L, MinGW-W64 Runtime 11.0.1 (alpha - rev. 0) 0000-00-00, 64-bit, DEBUG
Started:	Apr  2 2026 17:28:16

Run file:	C:\MIPT\proga\sem2\projects\mondelbrot\mandelbrot.exe
Directory:	C:\MIPT\proga\sem2\projects\mondelbrot

--------------------------------------------------

--------------------------------------------------
TXLib соболезнует...

Программа: C:\MIPT\proga\sem2\projects\mondelbrot\mandelbrot.exe,

ВНЕЗАПНО: signal (8, 0x00): SIGFPE: Грубая ошибка в вычислениях. 

Переполнение при операции с плавающей точкой.

#1: Исключение EXCEPTION_FLT_OVERFLOW (0xC0000091) при выполнении кода по адресу 0x00007FF6CC2A079F в функции main() в файле C:/MIPT/proga/sem2/projects/mondelbrot/main.cpp на строке 30 в модуле C:\MIPT\proga\sem2\projects\mondelbrot\mandelbrot.exe. Спасибо _txVectoredExceptionHandler(), что сообщил. Люблю его <3

С помощью функции signal() вы можете сами обработать эту ошибку.

#2: TXLib [Ver: 00173a, Rev: 174, Date: 2025-08-17 06:00:49 +0400], Instance: 0x00007FF6CC2CA830 (64-bit), Flags: CMdRe0, Thread: 0x35B0 (Main). 

--------------------------------------------------
Стек вызовов:

# 0 0x00007FF6CC2A079F in C:\MIPT\proga\sem2\projects\mondelbrot\mandelbrot.exe: main() at C:/MIPT/proga/sem2/projects/mondelbrot/main.cpp:30:

     28:             curComplexIm - nextComplexIm;
     29: 
=>   30:             if(curComplexRe * curComplexRe - curComplexIm * curComplexIm < 4){
     31:                 txSetPixel(curX, curY, TX_LIGHTRED);
     32:             }

--------------------------------------------------
Developed with:

The Dumb Artist Library (TX Library)
TXLib [Ver: 00173a, Rev: 174, Date: 2025-08-17 06:00:49 +0400]
Copyright (C) Ded (Ilya Dedinsky, http://txlib.ru) <mail@txlib.ru>
See license on: http://txlib.ru

TXLib file:	C:\Users\Lenovo\Downloads\TX/TXLib.h
Compiled:	Apr  2 2026 17:28:07, GNU g++ 13.2.0, std=201703L, MinGW-W64 Runtime 11.0.1 (alpha - rev. 0) 0000-00-00, 64-bit, DEBUG
Started:	Apr  2 2026 17:28:16

Run file:	C:\MIPT\proga\sem2\projects\mondelbrot\mandelbrot.exe
Directory:	C:\MIPT\proga\sem2\projects\mondelbrot

--------------------------------------------------

--------------------------------------------------
TXLib предупреждает:

Программа: C:\MIPT\proga\sem2\projects\mondelbrot\mandelbrot.exe,

ВНЕЗАПНО: Переполнение при операции с плавающей точкой.

#1: Исключение EXCEPTION_FLT_OVERFLOW (0xC0000091) при выполнении кода по адресу 0x00007FF70761079F в функции main() в файле C:/MIPT/proga/sem2/projects/mondelbrot/main.cpp на строке 30 в модуле C:\MIPT\proga\sem2\projects\mondelbrot\mandelbrot.exe. Спасибо _txVectoredExceptionHandler(), что сообщил. Люблю его <3

#1: TXLib [Ver: 00173a, Rev: 174, Date: 2025-08-17 06:00:49 +0400], Instance: 0x00007FF70763A830 (64-bit), Flags: CMdRe0, Thread: 0x6964 (Main). 

--------------------------------------------------
Стек вызовов:

# 0 0x00007FF70761079F in C:\MIPT\proga\sem2\projects\mondelbrot\mandelbrot.exe: main() at C:/MIPT/proga/sem2/projects/mondelbrot/main.cpp:30:

     28:             curComplexIm - nextComplexIm;
     29: 
=>   30:             if(curComplexRe * curComplexRe - curComplexIm * curComplexIm < 4){
     31:                 txSetPixel(curX, curY, TX_LIGHTRED);
     32:             }

--------------------------------------------------
Стек вызовов TX:

# 0 in int main() at main.cpp:31:

     29: 
     30:             if(curComplexRe * curComplexRe - curComplexIm * curComplexIm < 4){
=>   31:                 txSetPixel(curX, curY, TX_LIGHTRED);
     32:             }
     33: 

--------------------------------------------------
Developed with:

The Dumb Artist Library (TX Library)
TXLib [Ver: 00173a, Rev: 174, Date: 2025-08-17 06:00:49 +0400]
Copyright (C) Ded (Ilya Dedinsky, http://txlib.ru) <mail@txlib.ru>
See license on: http://txlib.ru

TXLib file:	C:\Users\Lenovo\Downloads\TX/TXLib.h
Compiled:	Apr  2 2026 17:28:48, GNU g++ 13.2.0, std=201703L, MinGW-W64 Runtime 11.0.1 (alpha - rev. 0) 0000-00-00, 64-bit, DEBUG
Started:	Apr  2 2026 17:28:56

Run file:	C:\MIPT\proga\sem2\projects\mondelbrot\mandelbrot.exe
Directory:	C:\MIPT\proga\sem2\projects\mondelbrot

--------------------------------------------------

--------------------------------------------------
TXLib соболезнует...

Программа: C:\MIPT\proga\sem2\projects\mondelbrot\mandelbrot.exe,

ВНЕЗАПНО: signal (8, 0x00): SIGFPE: Грубая ошибка в вычислениях. 

Переполнение при операции с плавающей точкой.

#1: Исключение EXCEPTION_FLT_OVERFLOW (0xC0000091) при выполнении кода по адресу 0x00007FF70761079F в функции main() в файле C:/MIPT/proga/sem2/projects/mondelbrot/main.cpp на строке 30 в модуле C:\MIPT\proga\sem2\projects\mondelbrot\mandelbrot.exe. Спасибо _txVectoredExceptionHandler(), что сообщил. Люблю его <3

С помощью функции signal() вы можете сами обработать эту ошибку.

#2: TXLib [Ver: 00173a, Rev: 174, Date: 2025-08-17 06:00:49 +0400], Instance: 0x00007FF70763A830 (64-bit), Flags: CMdRe0, Thread: 0x6964 (Main). 

--------------------------------------------------
Стек вызовов:

# 0 0x00007FF70761079F in C:\MIPT\proga\sem2\projects\mondelbrot\mandelbrot.exe: main() at C:/MIPT/proga/sem2/projects/mondelbrot/main.cpp:30:

     28:             curComplexIm - nextComplexIm;
     29: 
=>   30:             if(curComplexRe * curComplexRe - curComplexIm * curComplexIm < 4){
     31:                 txSetPixel(curX, curY, TX_LIGHTRED);
     32:             }

--------------------------------------------------
Developed with:

The Dumb Artist Library (TX Library)
TXLib [Ver: 00173a, Rev: 174, Date: 2025-08-17 06:00:49 +0400]
Copyright (C) Ded (Ilya Dedinsky, http://txlib.ru) <mail@txlib.ru>
See license on: http://txlib.ru

TXLib file:	C:\Users\Lenovo\Downloads\TX/TXLib.h
Compiled:	Apr  2 2026 17:28:48, GNU g++ 13.2.0, std=201703L, MinGW-W64 Runtime 11.0.1 (alpha - rev. 0) 0000-00-00, 64-bit, DEBUG
Started:	Apr  2 2026 17:28:56

Run file:	C:\MIPT\proga\sem2\projects\mondelbrot\mandelbrot.exe
Directory:	C:\MIPT\proga\sem2\projects\mondelbrot

--------------------------------------------------

--------------------------------------------------
TXLib предупреждает:

Программа: C:\MIPT\proga\sem2\projects\mondelbrot\mandelbrot.exe,

ВНЕЗАПНО: Нарушение доступа к памяти.

#1: Исключение EXCEPTION_ACCESS_VIOLATION (0xC0000005) при выполнении кода по адресу 0x00007FF67011AE0B в функции main() в файле C:/MIPT/proga/sem2/projects/mondelbrot/main.cpp на строке 45. Попытка записать данные по адресу 0x000002010C1751A6 в модуле C:\MIPT\proga\sem2\projects\mondelbrot\mandelbrot.exe. Спасибо _txVectoredExceptionHandler(), что сообщил. Люблю его <3

#1: TXLib [Ver: 00173a, Rev: 174, Date: 2025-08-17 06:00:49 +0400], Instance: 0x00007FF670140830 (64-bit), Flags: CMdRe0, Thread: 0x8FDC (Main). 

--------------------------------------------------
Стек вызовов:

# 0 0x00007FF67011AE0B in C:\MIPT\proga\sem2\projects\mondelbrot\mandelbrot.exe: main() at C:/MIPT/proga/sem2/projects/mondelbrot/main.cpp:45:

     43: 
     44:             if(curIter == AMOUNT_ITERATIONS){
=>   45:                 videoMemBuffer[curX + (-curY + HEIGHT_WINDOW) * WIDTH_WINDOW].rgbRed   = 255; // РњР°РєСЃРёРјР°Р»СЊРЅС‹Р№ РєСЂР°СЃРЅС‹Р№
     46:                 videoMemBuffer[curX + (-curY + HEIGHT_WINDOW) * WIDTH_WINDOW].rgbGreen = 0;
     47:                 videoMemBuffer[curX + (-curY + HEIGHT_WINDOW) * WIDTH_WINDOW].rgbBlue  = 0;

--------------------------------------------------
Developed with:

The Dumb Artist Library (TX Library)
TXLib [Ver: 00173a, Rev: 174, Date: 2025-08-17 06:00:49 +0400]
Copyright (C) Ded (Ilya Dedinsky, http://txlib.ru) <mail@txlib.ru>
See license on: http://txlib.ru

TXLib file:	C:\Users\Lenovo\Downloads\TX/TXLib.h
Compiled:	Apr  3 2026 01:59:33, GNU g++ 13.2.0, std=201703L, MinGW-W64 Runtime 11.0.1 (alpha - rev. 0) 0000-00-00, 64-bit, Release
Started:	Apr  3 2026 01:59:41

Run file:	C:\MIPT\proga\sem2\projects\mondelbrot\mandelbrot.exe
Directory:	C:\MIPT\proga\sem2\projects\mondelbrot

--------------------------------------------------

--------------------------------------------------
TXLib соболезнует...

Программа: C:\MIPT\proga\sem2\projects\mondelbrot\mandelbrot.exe,

ВНЕЗАПНО: signal (11, 0x00): SIGSEGV: Доступ по неверному указателю. Ставьте ассерты! 

Нарушение доступа к памяти.

#1: Исключение EXCEPTION_ACCESS_VIOLATION (0xC0000005) при выполнении кода по адресу 0x00007FF67011AE0B в функции main() в файле C:/MIPT/proga/sem2/projects/mondelbrot/main.cpp на строке 45. Попытка записать данные по адресу 0x000002010C1751A6 в модуле C:\MIPT\proga\sem2\projects\mondelbrot\mandelbrot.exe. Спасибо _txVectoredExceptionHandler(), что сообщил. Люблю его <3

С помощью функции signal() вы можете сами обработать эту ошибку.

#2: TXLib [Ver: 00173a, Rev: 174, Date: 2025-08-17 06:00:49 +0400], Instance: 0x00007FF670140830 (64-bit), Flags: CMdRe0, Thread: 0x8FDC (Main). 

--------------------------------------------------
Стек вызовов:

# 0 0x00007FF67011AE0B in C:\MIPT\proga\sem2\projects\mondelbrot\mandelbrot.exe: main() at C:/MIPT/proga/sem2/projects/mondelbrot/main.cpp:45:

     43: 
     44:             if(curIter == AMOUNT_ITERATIONS){
=>   45:                 videoMemBuffer[curX + (-curY + HEIGHT_WINDOW) * WIDTH_WINDOW].rgbRed   = 255; // РњР°РєСЃРёРјР°Р»СЊРЅС‹Р№ РєСЂР°СЃРЅС‹Р№
     46:                 videoMemBuffer[curX + (-curY + HEIGHT_WINDOW) * WIDTH_WINDOW].rgbGreen = 0;
     47:                 videoMemBuffer[curX + (-curY + HEIGHT_WINDOW) * WIDTH_WINDOW].rgbBlue  = 0;

--------------------------------------------------
Developed with:

The Dumb Artist Library (TX Library)
TXLib [Ver: 00173a, Rev: 174, Date: 2025-08-17 06:00:49 +0400]
Copyright (C) Ded (Ilya Dedinsky, http://txlib.ru) <mail@txlib.ru>
See license on: http://txlib.ru

TXLib file:	C:\Users\Lenovo\Downloads\TX/TXLib.h
Compiled:	Apr  3 2026 01:59:33, GNU g++ 13.2.0, std=201703L, MinGW-W64 Runtime 11.0.1 (alpha - rev. 0) 0000-00-00, 64-bit, Release
Started:	Apr  3 2026 01:59:41

Run file:	C:\MIPT\proga\sem2\projects\mondelbrot\mandelbrot.exe
Directory:	C:\MIPT\proga\sem2\projects\mondelbrot

--------------------------------------------------

--------------------------------------------------
TXLib предупреждает:

Программа: C:\MIPT\proga\sem2\projects\mondelbrot\mandelbrot.exe,

ВНЕЗАПНО: Переполнение при операции с плавающей точкой.

#1: Исключение EXCEPTION_FLT_OVERFLOW (0xC0000091) при выполнении кода по адресу 0x00007FF748D26ED5 в функции main() в файле C:/MIPT/proga/sem2/projects/mondelbrot/main.cpp на строке 90 в модуле C:\MIPT\proga\sem2\projects\mondelbrot\mandelbrot.exe. Спасибо _txVectoredExceptionHandler(), что сообщил. Люблю его <3

#1: TXLib [Ver: 00173a, Rev: 174, Date: 2025-08-17 06:00:49 +0400], Instance: 0x00007FF748D6C9A4 (64-bit), Flags: CMdRe0, Thread: 0x382C (Main). 

--------------------------------------------------
Стек вызовов:

# 0 0x00007FF748D26ED5 in C:\MIPT\proga\sem2\projects\mondelbrot\mandelbrot.exe: main() at C:/MIPT/proga/sem2/projects/mondelbrot/main.cpp:91:

     89: 
     90:     float curComplexReSquare = (*curComplex)       * (*curComplex);
=>   91:     float curComplexImSquare = (*(curComplex + 1)) * (*(curComplex + 1));
     92:     float curComplexImRe     = (*(curComplex + 1)) * (*curComplex);
     93: 

--------------------------------------------------
Developed with:

The Dumb Artist Library (TX Library)
TXLib [Ver: 00173a, Rev: 174, Date: 2025-08-17 06:00:49 +0400]
Copyright (C) Ded (Ilya Dedinsky, http://txlib.ru) <mail@txlib.ru>
See license on: http://txlib.ru

TXLib file:	C:\Users\Lenovo\Downloads\TX/TXLib.h
Compiled:	Apr  4 2026 21:08:32, GNU g++ 13.2.0, std=201703L, MinGW-W64 Runtime 11.0.1 (alpha - rev. 0) 0000-00-00, 64-bit, Release
Started:	Apr  4 2026 21:08:42

Run file:	C:\MIPT\proga\sem2\projects\mondelbrot\mandelbrot.exe
Directory:	C:\MIPT\proga\sem2\projects\mondelbrot

--------------------------------------------------

--------------------------------------------------
TXLib соболезнует...

Программа: C:\MIPT\proga\sem2\projects\mondelbrot\mandelbrot.exe,

ВНЕЗАПНО: signal (8, 0x00): SIGFPE: Грубая ошибка в вычислениях. 

Переполнение при операции с плавающей точкой.

#1: Исключение EXCEPTION_FLT_OVERFLOW (0xC0000091) при выполнении кода по адресу 0x00007FF748D26ED5 в функции main() в файле C:/MIPT/proga/sem2/projects/mondelbrot/main.cpp на строке 90 в модуле C:\MIPT\proga\sem2\projects\mondelbrot\mandelbrot.exe. Спасибо _txVectoredExceptionHandler(), что сообщил. Люблю его <3

С помощью функции signal() вы можете сами обработать эту ошибку.

#2: TXLib [Ver: 00173a, Rev: 174, Date: 2025-08-17 06:00:49 +0400], Instance: 0x00007FF748D6C9A4 (64-bit), Flags: CMdRe0, Thread: 0x382C (Main). 

--------------------------------------------------
Стек вызовов:

# 0 0x00007FF748D26ED5 in C:\MIPT\proga\sem2\projects\mondelbrot\mandelbrot.exe: main() at C:/MIPT/proga/sem2/projects/mondelbrot/main.cpp:91:

     89: 
     90:     float curComplexReSquare = (*curComplex)       * (*curComplex);
=>   91:     float curComplexImSquare = (*(curComplex + 1)) * (*(curComplex + 1));
     92:     float curComplexImRe     = (*(curComplex + 1)) * (*curComplex);
     93: 

--------------------------------------------------
Developed with:

The Dumb Artist Library (TX Library)
TXLib [Ver: 00173a, Rev: 174, Date: 2025-08-17 06:00:49 +0400]
Copyright (C) Ded (Ilya Dedinsky, http://txlib.ru) <mail@txlib.ru>
See license on: http://txlib.ru

TXLib file:	C:\Users\Lenovo\Downloads\TX/TXLib.h
Compiled:	Apr  4 2026 21:08:32, GNU g++ 13.2.0, std=201703L, MinGW-W64 Runtime 11.0.1 (alpha - rev. 0) 0000-00-00, 64-bit, Release
Started:	Apr  4 2026 21:08:42

Run file:	C:\MIPT\proga\sem2\projects\mondelbrot\mandelbrot.exe
Directory:	C:\MIPT\proga\sem2\projects\mondelbrot

--------------------------------------------------

--------------------------------------------------
TXLib предупреждает:

Программа: C:\MIPT\proga\sem2\projects\mondelbrot\mandelbrot.exe,

ВНЕЗАПНО: Переполнение при операции с плавающей точкой.

#1: Исключение EXCEPTION_FLT_OVERFLOW (0xC0000091) при выполнении кода по адресу 0x00007FF7514D6DFE в функции main() в файле C:/MIPT/proga/sem2/projects/mondelbrot/main.cpp на строке 90 в модуле C:\MIPT\proga\sem2\projects\mondelbrot\mandelbrot.exe. Спасибо _txVectoredExceptionHandler(), что сообщил. Люблю его <3

#1: TXLib [Ver: 00173a, Rev: 174, Date: 2025-08-17 06:00:49 +0400], Instance: 0x00007FF75151C9A4 (64-bit), Flags: CMdRe0, Thread: 0x7ED0 (Main). 

--------------------------------------------------
Стек вызовов:

# 0 0x00007FF7514D6DFE in C:\MIPT\proga\sem2\projects\mondelbrot\mandelbrot.exe: main() at C:/MIPT/proga/sem2/projects/mondelbrot/main.cpp:91:

     89: 
     90:     double curComplexReSquare = (*curComplex)       * (*curComplex);
=>   91:     double curComplexImSquare = (*(curComplex + 1)) * (*(curComplex + 1));
     92:     double curComplexImRe     = (*(curComplex + 1)) * (*curComplex);
     93: 

--------------------------------------------------
Developed with:

The Dumb Artist Library (TX Library)
TXLib [Ver: 00173a, Rev: 174, Date: 2025-08-17 06:00:49 +0400]
Copyright (C) Ded (Ilya Dedinsky, http://txlib.ru) <mail@txlib.ru>
See license on: http://txlib.ru

TXLib file:	C:\Users\Lenovo\Downloads\TX/TXLib.h
Compiled:	Apr  4 2026 21:09:22, GNU g++ 13.2.0, std=201703L, MinGW-W64 Runtime 11.0.1 (alpha - rev. 0) 0000-00-00, 64-bit, Release
Started:	Apr  4 2026 21:09:31

Run file:	C:\MIPT\proga\sem2\projects\mondelbrot\mandelbrot.exe
Directory:	C:\MIPT\proga\sem2\projects\mondelbrot

--------------------------------------------------

--------------------------------------------------
TXLib соболезнует...

Программа: C:\MIPT\proga\sem2\projects\mondelbrot\mandelbrot.exe,

ВНЕЗАПНО: signal (8, 0x00): SIGFPE: Грубая ошибка в вычислениях. 

Переполнение при операции с плавающей точкой.

#1: Исключение EXCEPTION_FLT_OVERFLOW (0xC0000091) при выполнении кода по адресу 0x00007FF7514D6DFE в функции main() в файле C:/MIPT/proga/sem2/projects/mondelbrot/main.cpp на строке 90 в модуле C:\MIPT\proga\sem2\projects\mondelbrot\mandelbrot.exe. Спасибо _txVectoredExceptionHandler(), что сообщил. Люблю его <3

С помощью функции signal() вы можете сами обработать эту ошибку.

#2: TXLib [Ver: 00173a, Rev: 174, Date: 2025-08-17 06:00:49 +0400], Instance: 0x00007FF75151C9A4 (64-bit), Flags: CMdRe0, Thread: 0x7ED0 (Main). 

--------------------------------------------------
Стек вызовов:

# 0 0x00007FF7514D6DFE in C:\MIPT\proga\sem2\projects\mondelbrot\mandelbrot.exe: main() at C:/MIPT/proga/sem2/projects/mondelbrot/main.cpp:91:

     89: 
     90:     double curComplexReSquare = (*curComplex)       * (*curComplex);
=>   91:     double curComplexImSquare = (*(curComplex + 1)) * (*(curComplex + 1));
     92:     double curComplexImRe     = (*(curComplex + 1)) * (*curComplex);
     93: 

--------------------------------------------------
Developed with:

The Dumb Artist Library (TX Library)
TXLib [Ver: 00173a, Rev: 174, Date: 2025-08-17 06:00:49 +0400]
Copyright (C) Ded (Ilya Dedinsky, http://txlib.ru) <mail@txlib.ru>
See license on: http://txlib.ru

TXLib file:	C:\Users\Lenovo\Downloads\TX/TXLib.h
Compiled:	Apr  4 2026 21:09:22, GNU g++ 13.2.0, std=201703L, MinGW-W64 Runtime 11.0.1 (alpha - rev. 0) 0000-00-00, 64-bit, Release
Started:	Apr  4 2026 21:09:31

Run file:	C:\MIPT\proga\sem2\projects\mondelbrot\mandelbrot.exe
Directory:	C:\MIPT\proga\sem2\projects\mondelbrot

--------------------------------------------------

--------------------------------------------------
TXLib предупреждает:

Программа: C:\MIPT\proga\sem2\projects\mondelbrot\mandelbrot.exe,

ВНЕЗАПНО: Переполнение при операции с плавающей точкой.

#1: Исключение EXCEPTION_FLT_OVERFLOW (0xC0000091) при выполнении кода по адресу 0x00007FF7514D6DFE в функции main() в файле C:/MIPT/proga/sem2/projects/mondelbrot/main.cpp на строке 90 в модуле C:\MIPT\proga\sem2\projects\mondelbrot\mandelbrot.exe. Спасибо _txVectoredExceptionHandler(), что сообщил. Люблю его <3

#1: TXLib [Ver: 00173a, Rev: 174, Date: 2025-08-17 06:00:49 +0400], Instance: 0x00007FF75151C9A4 (64-bit), Flags: CMdRe0, Thread: 0x9D44 (Main). 

--------------------------------------------------
Стек вызовов:

# 0 0x00007FF7514D6DFE in C:\MIPT\proga\sem2\projects\mondelbrot\mandelbrot.exe: main() at C:/MIPT/proga/sem2/projects/mondelbrot/main.cpp:91:

     89: 
     90:     LPRINTF("curComplexReSquare = %f", (*curComplex)       * (*curComplex));
=>   91:     
     92:     float curComplexReSquare = (*curComplex)       * (*curComplex);
     93:     float curComplexImSquare = (*(curComplex + 1)) * (*(curComplex + 1));

--------------------------------------------------
Developed with:

The Dumb Artist Library (TX Library)
TXLib [Ver: 00173a, Rev: 174, Date: 2025-08-17 06:00:49 +0400]
Copyright (C) Ded (Ilya Dedinsky, http://txlib.ru) <mail@txlib.ru>
See license on: http://txlib.ru

TXLib file:	C:\Users\Lenovo\Downloads\TX/TXLib.h
Compiled:	Apr  4 2026 21:09:22, GNU g++ 13.2.0, std=201703L, MinGW-W64 Runtime 11.0.1 (alpha - rev. 0) 0000-00-00, 64-bit, Release
Started:	Apr  4 2026 21:10:40

Run file:	C:\MIPT\proga\sem2\projects\mondelbrot\mandelbrot.exe
Directory:	C:\MIPT\proga\sem2\projects\mondelbrot

--------------------------------------------------

--------------------------------------------------
TXLib соболезнует...

Программа: C:\MIPT\proga\sem2\projects\mondelbrot\mandelbrot.exe,

ВНЕЗАПНО: signal (8, 0x00): SIGFPE: Грубая ошибка в вычислениях. 

Переполнение при операции с плавающей точкой.

#1: Исключение EXCEPTION_FLT_OVERFLOW (0xC0000091) при выполнении кода по адресу 0x00007FF7514D6DFE в функции main() в файле C:/MIPT/proga/sem2/projects/mondelbrot/main.cpp на строке 90 в модуле C:\MIPT\proga\sem2\projects\mondelbrot\mandelbrot.exe. Спасибо _txVectoredExceptionHandler(), что сообщил. Люблю его <3

С помощью функции signal() вы можете сами обработать эту ошибку.

#2: TXLib [Ver: 00173a, Rev: 174, Date: 2025-08-17 06:00:49 +0400], Instance: 0x00007FF75151C9A4 (64-bit), Flags: CMdRe0, Thread: 0x9D44 (Main). 

--------------------------------------------------
Стек вызовов:

# 0 0x00007FF7514D6DFE in C:\MIPT\proga\sem2\projects\mondelbrot\mandelbrot.exe: main() at C:/MIPT/proga/sem2/projects/mondelbrot/main.cpp:91:

     89: 
     90:     LPRINTF("curComplexReSquare = %f", (*curComplex)       * (*curComplex));
=>   91:     
     92:     float curComplexReSquare = (*curComplex)       * (*curComplex);
     93:     float curComplexImSquare = (*(curComplex + 1)) * (*(curComplex + 1));

--------------------------------------------------
Developed with:

The Dumb Artist Library (TX Library)
TXLib [Ver: 00173a, Rev: 174, Date: 2025-08-17 06:00:49 +0400]
Copyright (C) Ded (Ilya Dedinsky, http://txlib.ru) <mail@txlib.ru>
See license on: http://txlib.ru

TXLib file:	C:\Users\Lenovo\Downloads\TX/TXLib.h
Compiled:	Apr  4 2026 21:09:22, GNU g++ 13.2.0, std=201703L, MinGW-W64 Runtime 11.0.1 (alpha - rev. 0) 0000-00-00, 64-bit, Release
Started:	Apr  4 2026 21:10:40

Run file:	C:\MIPT\proga\sem2\projects\mondelbrot\mandelbrot.exe
Directory:	C:\MIPT\proga\sem2\projects\mondelbrot

--------------------------------------------------

--------------------------------------------------
TXLib предупреждает:

Программа: C:\MIPT\proga\sem2\projects\mondelbrot\mandelbrot.exe,

ВНЕЗАПНО: Переполнение при операции с плавающей точкой.

#1: Исключение EXCEPTION_FLT_OVERFLOW (0xC0000091) при выполнении кода по адресу 0x00007FF7514D6DFE в функции main() в файле C:/MIPT/proga/sem2/projects/mondelbrot/main.cpp на строке 90 в модуле C:\MIPT\proga\sem2\projects\mondelbrot\mandelbrot.exe. Спасибо _txVectoredExceptionHandler(), что сообщил. Люблю его <3

#1: TXLib [Ver: 00173a, Rev: 174, Date: 2025-08-17 06:00:49 +0400], Instance: 0x00007FF75151C9A4 (64-bit), Flags: CMdRe0, Thread: 0x5B08 (Main). 

--------------------------------------------------
Стек вызовов:

# 0 0x00007FF7514D6DFE in C:\MIPT\proga\sem2\projects\mondelbrot\mandelbrot.exe: main() at C:/MIPT/proga/sem2/projects/mondelbrot/main.cpp:91:

     89: 
     90:     if(*flag) return;
=>   91: 
     92:     LPRINTF("curComplexReSquare = %f", (*curComplex)       * (*curComplex));
     93:     

--------------------------------------------------
Developed with:

The Dumb Artist Library (TX Library)
TXLib [Ver: 00173a, Rev: 174, Date: 2025-08-17 06:00:49 +0400]
Copyright (C) Ded (Ilya Dedinsky, http://txlib.ru) <mail@txlib.ru>
See license on: http://txlib.ru

TXLib file:	C:\Users\Lenovo\Downloads\TX/TXLib.h
Compiled:	Apr  4 2026 21:09:22, GNU g++ 13.2.0, std=201703L, MinGW-W64 Runtime 11.0.1 (alpha - rev. 0) 0000-00-00, 64-bit, Release
Started:	Apr  4 2026 21:10:59

Run file:	C:\MIPT\proga\sem2\projects\mondelbrot\mandelbrot.exe
Directory:	C:\MIPT\proga\sem2\projects\mondelbrot

--------------------------------------------------

--------------------------------------------------
TXLib соболезнует...

Программа: C:\MIPT\proga\sem2\projects\mondelbrot\mandelbrot.exe,

ВНЕЗАПНО: signal (8, 0x00): SIGFPE: Грубая ошибка в вычислениях. 

Переполнение при операции с плавающей точкой.

#1: Исключение EXCEPTION_FLT_OVERFLOW (0xC0000091) при выполнении кода по адресу 0x00007FF7514D6DFE в функции main() в файле C:/MIPT/proga/sem2/projects/mondelbrot/main.cpp на строке 90 в модуле C:\MIPT\proga\sem2\projects\mondelbrot\mandelbrot.exe. Спасибо _txVectoredExceptionHandler(), что сообщил. Люблю его <3

С помощью функции signal() вы можете сами обработать эту ошибку.

#2: TXLib [Ver: 00173a, Rev: 174, Date: 2025-08-17 06:00:49 +0400], Instance: 0x00007FF75151C9A4 (64-bit), Flags: CMdRe0, Thread: 0x5B08 (Main). 

--------------------------------------------------
Стек вызовов:

# 0 0x00007FF7514D6DFE in C:\MIPT\proga\sem2\projects\mondelbrot\mandelbrot.exe: main() at C:/MIPT/proga/sem2/projects/mondelbrot/main.cpp:91:

     89: 
     90:     if(*flag) return;
=>   91: 
     92:     LPRINTF("curComplexReSquare = %f", (*curComplex)       * (*curComplex));
     93:     

--------------------------------------------------
Developed with:

The Dumb Artist Library (TX Library)
TXLib [Ver: 00173a, Rev: 174, Date: 2025-08-17 06:00:49 +0400]
Copyright (C) Ded (Ilya Dedinsky, http://txlib.ru) <mail@txlib.ru>
See license on: http://txlib.ru

TXLib file:	C:\Users\Lenovo\Downloads\TX/TXLib.h
Compiled:	Apr  4 2026 21:09:22, GNU g++ 13.2.0, std=201703L, MinGW-W64 Runtime 11.0.1 (alpha - rev. 0) 0000-00-00, 64-bit, Release
Started:	Apr  4 2026 21:10:59

Run file:	C:\MIPT\proga\sem2\projects\mondelbrot\mandelbrot.exe
Directory:	C:\MIPT\proga\sem2\projects\mondelbrot

--------------------------------------------------

--------------------------------------------------
TXLib предупреждает:

Программа: C:\MIPT\proga\sem2\projects\mondelbrot\mandelbrot.exe,

ВНЕЗАПНО: Переполнение при операции с плавающей точкой.

#1: Исключение EXCEPTION_FLT_OVERFLOW (0xC0000091) при выполнении кода по адресу 0x00007FF7514D6DFE в функции main() в файле C:/MIPT/proga/sem2/projects/mondelbrot/main.cpp на строке 90 в модуле C:\MIPT\proga\sem2\projects\mondelbrot\mandelbrot.exe. Спасибо _txVectoredExceptionHandler(), что сообщил. Люблю его <3

#1: TXLib [Ver: 00173a, Rev: 174, Date: 2025-08-17 06:00:49 +0400], Instance: 0x00007FF75151C9A4 (64-bit), Flags: CMdRe0, Thread: 0x9020 (Main). 

--------------------------------------------------
Стек вызовов:

# 0 0x00007FF7514D6DFE in C:\MIPT\proga\sem2\projects\mondelbrot\mandelbrot.exe: main() at C:/MIPT/proga/sem2/projects/mondelbrot/main.cpp:91:

     89:     assert(exitIndexes);
     90:     assert(flag);
=>   91: 
     92:     if(*flag) return;
     93: 

--------------------------------------------------
Developed with:

The Dumb Artist Library (TX Library)
TXLib [Ver: 00173a, Rev: 174, Date: 2025-08-17 06:00:49 +0400]
Copyright (C) Ded (Ilya Dedinsky, http://txlib.ru) <mail@txlib.ru>
See license on: http://txlib.ru

TXLib file:	C:\Users\Lenovo\Downloads\TX/TXLib.h
Compiled:	Apr  4 2026 21:09:22, GNU g++ 13.2.0, std=201703L, MinGW-W64 Runtime 11.0.1 (alpha - rev. 0) 0000-00-00, 64-bit, Release
Started:	Apr  4 2026 21:11:30

Run file:	C:\MIPT\proga\sem2\projects\mondelbrot\mandelbrot.exe
Directory:	C:\MIPT\proga\sem2\projects\mondelbrot

--------------------------------------------------

--------------------------------------------------
TXLib соболезнует...

Программа: C:\MIPT\proga\sem2\projects\mondelbrot\mandelbrot.exe,

ВНЕЗАПНО: signal (8, 0x00): SIGFPE: Грубая ошибка в вычислениях. 

Переполнение при операции с плавающей точкой.

#1: Исключение EXCEPTION_FLT_OVERFLOW (0xC0000091) при выполнении кода по адресу 0x00007FF7514D6DFE в функции main() в файле C:/MIPT/proga/sem2/projects/mondelbrot/main.cpp на строке 90 в модуле C:\MIPT\proga\sem2\projects\mondelbrot\mandelbrot.exe. Спасибо _txVectoredExceptionHandler(), что сообщил. Люблю его <3

С помощью функции signal() вы можете сами обработать эту ошибку.

#2: TXLib [Ver: 00173a, Rev: 174, Date: 2025-08-17 06:00:49 +0400], Instance: 0x00007FF75151C9A4 (64-bit), Flags: CMdRe0, Thread: 0x9020 (Main). 

--------------------------------------------------
Стек вызовов:

# 0 0x00007FF7514D6DFE in C:\MIPT\proga\sem2\projects\mondelbrot\mandelbrot.exe: main() at C:/MIPT/proga/sem2/projects/mondelbrot/main.cpp:91:

     89:     assert(exitIndexes);
     90:     assert(flag);
=>   91: 
     92:     if(*flag) return;
     93: 

--------------------------------------------------
Developed with:

The Dumb Artist Library (TX Library)
TXLib [Ver: 00173a, Rev: 174, Date: 2025-08-17 06:00:49 +0400]
Copyright (C) Ded (Ilya Dedinsky, http://txlib.ru) <mail@txlib.ru>
See license on: http://txlib.ru

TXLib file:	C:\Users\Lenovo\Downloads\TX/TXLib.h
Compiled:	Apr  4 2026 21:09:22, GNU g++ 13.2.0, std=201703L, MinGW-W64 Runtime 11.0.1 (alpha - rev. 0) 0000-00-00, 64-bit, Release
Started:	Apr  4 2026 21:11:31

Run file:	C:\MIPT\proga\sem2\projects\mondelbrot\mandelbrot.exe
Directory:	C:\MIPT\proga\sem2\projects\mondelbrot

--------------------------------------------------

--------------------------------------------------
TXLib предупреждает:

Программа: C:\MIPT\proga\sem2\projects\mondelbrot\mandelbrot.exe,

ВНЕЗАПНО: Переполнение при операции с плавающей точкой.

#1: Исключение EXCEPTION_FLT_OVERFLOW (0xC0000091) при выполнении кода по адресу 0x00007FF645776DE7 в функции main() в файле C:/MIPT/proga/sem2/projects/mondelbrot/main.cpp на строке 98 в модуле C:\MIPT\proga\sem2\projects\mondelbrot\mandelbrot.exe. Спасибо _txVectoredExceptionHandler(), что сообщил. Люблю его <3

#1: TXLib [Ver: 00173a, Rev: 174, Date: 2025-08-17 06:00:49 +0400], Instance: 0x00007FF6457BC9A4 (64-bit), Flags: CMdRe0, Thread: 0x7B60 (Main). 

--------------------------------------------------
Стек вызовов:

# 0 0x00007FF645776DE7 in C:\MIPT\proga\sem2\projects\mondelbrot\mandelbrot.exe: main() at C:/MIPT/proga/sem2/projects/mondelbrot/main.cpp:99:

     97:     
     98:     float curComplexReSquare = (*curComplex)       * (*curComplex);
=>   99:     float curComplexImSquare = (*(curComplex + 1)) * (*(curComplex + 1));
    100:     float curComplexImRe     = (*(curComplex + 1)) * (*curComplex);
    101: 

--------------------------------------------------
Developed with:

The Dumb Artist Library (TX Library)
TXLib [Ver: 00173a, Rev: 174, Date: 2025-08-17 06:00:49 +0400]
Copyright (C) Ded (Ilya Dedinsky, http://txlib.ru) <mail@txlib.ru>
See license on: http://txlib.ru

TXLib file:	C:\Users\Lenovo\Downloads\TX/TXLib.h
Compiled:	Apr  4 2026 21:12:01, GNU g++ 13.2.0, std=201703L, MinGW-W64 Runtime 11.0.1 (alpha - rev. 0) 0000-00-00, 64-bit, Release
Started:	Apr  4 2026 21:12:10

Run file:	C:\MIPT\proga\sem2\projects\mondelbrot\mandelbrot.exe
Directory:	C:\MIPT\proga\sem2\projects\mondelbrot

--------------------------------------------------

--------------------------------------------------
TXLib соболезнует...

Программа: C:\MIPT\proga\sem2\projects\mondelbrot\mandelbrot.exe,

ВНЕЗАПНО: signal (8, 0x00): SIGFPE: Грубая ошибка в вычислениях. 

Переполнение при операции с плавающей точкой.

#1: Исключение EXCEPTION_FLT_OVERFLOW (0xC0000091) при выполнении кода по адресу 0x00007FF645776DE7 в функции main() в файле C:/MIPT/proga/sem2/projects/mondelbrot/main.cpp на строке 98 в модуле C:\MIPT\proga\sem2\projects\mondelbrot\mandelbrot.exe. Спасибо _txVectoredExceptionHandler(), что сообщил. Люблю его <3

С помощью функции signal() вы можете сами обработать эту ошибку.

#2: TXLib [Ver: 00173a, Rev: 174, Date: 2025-08-17 06:00:49 +0400], Instance: 0x00007FF6457BC9A4 (64-bit), Flags: CMdRe0, Thread: 0x7B60 (Main). 

--------------------------------------------------
Стек вызовов:

# 0 0x00007FF645776DE7 in C:\MIPT\proga\sem2\projects\mondelbrot\mandelbrot.exe: main() at C:/MIPT/proga/sem2/projects/mondelbrot/main.cpp:99:

     97:     
     98:     float curComplexReSquare = (*curComplex)       * (*curComplex);
=>   99:     float curComplexImSquare = (*(curComplex + 1)) * (*(curComplex + 1));
    100:     float curComplexImRe     = (*(curComplex + 1)) * (*curComplex);
    101: 

--------------------------------------------------
Developed with:

The Dumb Artist Library (TX Library)
TXLib [Ver: 00173a, Rev: 174, Date: 2025-08-17 06:00:49 +0400]
Copyright (C) Ded (Ilya Dedinsky, http://txlib.ru) <mail@txlib.ru>
See license on: http://txlib.ru

TXLib file:	C:\Users\Lenovo\Downloads\TX/TXLib.h
Compiled:	Apr  4 2026 21:12:01, GNU g++ 13.2.0, std=201703L, MinGW-W64 Runtime 11.0.1 (alpha - rev. 0) 0000-00-00, 64-bit, Release
Started:	Apr  4 2026 21:12:11

Run file:	C:\MIPT\proga\sem2\projects\mondelbrot\mandelbrot.exe
Directory:	C:\MIPT\proga\sem2\projects\mondelbrot

--------------------------------------------------

--------------------------------------------------
TXLib предупреждает:

Программа: C:\MIPT\proga\sem2\projects\mondelbrot\mandelbrot.exe,

ВНЕЗАПНО: Переполнение при операции с плавающей точкой.

#1: Исключение EXCEPTION_FLT_OVERFLOW (0xC0000091) при выполнении кода по адресу 0x00007FF791D66E9C в функции main() в файле C:/MIPT/proga/sem2/projects/mondelbrot/main.cpp на строке 96 в модуле C:\MIPT\proga\sem2\projects\mondelbrot\mandelbrot.exe. Спасибо _txVectoredExceptionHandler(), что сообщил. Люблю его <3

#1: TXLib [Ver: 00173a, Rev: 174, Date: 2025-08-17 06:00:49 +0400], Instance: 0x00007FF791DAC9A4 (64-bit), Flags: CMdRe0, Thread: 0x771C (Main), GetLastError(): 183 (Невозможно создать файл, так как он уже существует). 

--------------------------------------------------
Стек вызовов:

# 0 0x00007FF791D66E9C in C:\MIPT\proga\sem2\projects\mondelbrot\mandelbrot.exe: main() at C:/MIPT/proga/sem2/projects/mondelbrot/main.cpp:96:

     94:     if(*flag) return;
     95: 
=>   96:     LPRINTF("curComplexReSquare = %f", (*curComplex)       * (*curComplex));
     97:     
     98:     float curComplexReSquare = (*curComplex)       * (*curComplex);

--------------------------------------------------
Developed with:

The Dumb Artist Library (TX Library)
TXLib [Ver: 00173a, Rev: 174, Date: 2025-08-17 06:00:49 +0400]
Copyright (C) Ded (Ilya Dedinsky, http://txlib.ru) <mail@txlib.ru>
See license on: http://txlib.ru

TXLib file:	C:\Users\Lenovo\Downloads\TX/TXLib.h
Compiled:	Apr  4 2026 21:13:22, GNU g++ 13.2.0, std=201703L, MinGW-W64 Runtime 11.0.1 (alpha - rev. 0) 0000-00-00, 64-bit, Release
Started:	Apr  4 2026 21:13:30

Run file:	C:\MIPT\proga\sem2\projects\mondelbrot\mandelbrot.exe
Directory:	C:\MIPT\proga\sem2\projects\mondelbrot

--------------------------------------------------

--------------------------------------------------
TXLib соболезнует...

Программа: C:\MIPT\proga\sem2\projects\mondelbrot\mandelbrot.exe,

ВНЕЗАПНО: signal (8, 0x00): SIGFPE: Грубая ошибка в вычислениях. 

Переполнение при операции с плавающей точкой.

#1: Исключение EXCEPTION_FLT_OVERFLOW (0xC0000091) при выполнении кода по адресу 0x00007FF791D66E9C в функции main() в файле C:/MIPT/proga/sem2/projects/mondelbrot/main.cpp на строке 96 в модуле C:\MIPT\proga\sem2\projects\mondelbrot\mandelbrot.exe. Спасибо _txVectoredExceptionHandler(), что сообщил. Люблю его <3

С помощью функции signal() вы можете сами обработать эту ошибку.

#2: TXLib [Ver: 00173a, Rev: 174, Date: 2025-08-17 06:00:49 +0400], Instance: 0x00007FF791DAC9A4 (64-bit), Flags: CMdRe0, Thread: 0x771C (Main), GetLastError(): 183 (Невозможно создать файл, так как он уже существует). 

--------------------------------------------------
Стек вызовов:

# 0 0x00007FF791D66E9C in C:\MIPT\proga\sem2\projects\mondelbrot\mandelbrot.exe: main() at C:/MIPT/proga/sem2/projects/mondelbrot/main.cpp:96:

     94:     if(*flag) return;
     95: 
=>   96:     LPRINTF("curComplexReSquare = %f", (*curComplex)       * (*curComplex));
     97:     
     98:     float curComplexReSquare = (*curComplex)       * (*curComplex);

--------------------------------------------------
Developed with:

The Dumb Artist Library (TX Library)
TXLib [Ver: 00173a, Rev: 174, Date: 2025-08-17 06:00:49 +0400]
Copyright (C) Ded (Ilya Dedinsky, http://txlib.ru) <mail@txlib.ru>
See license on: http://txlib.ru

TXLib file:	C:\Users\Lenovo\Downloads\TX/TXLib.h
Compiled:	Apr  4 2026 21:13:22, GNU g++ 13.2.0, std=201703L, MinGW-W64 Runtime 11.0.1 (alpha - rev. 0) 0000-00-00, 64-bit, Release
Started:	Apr  4 2026 21:13:31

Run file:	C:\MIPT\proga\sem2\projects\mondelbrot\mandelbrot.exe
Directory:	C:\MIPT\proga\sem2\projects\mondelbrot

--------------------------------------------------

--------------------------------------------------
TXLib предупреждает:

Программа: C:\MIPT\proga\sem2\projects\mondelbrot\mandelbrot.exe,

ВНЕЗАПНО: Переполнение при операции с плавающей точкой.

#1: Исключение EXCEPTION_FLT_OVERFLOW (0xC0000091) при выполнении кода по адресу 0x00007FF6B8B36EC4 в функции main() в файле C:/MIPT/proga/sem2/projects/mondelbrot/main.cpp на строке 96 в модуле C:\MIPT\proga\sem2\projects\mondelbrot\mandelbrot.exe. Спасибо _txVectoredExceptionHandler(), что сообщил. Люблю его <3

#1: TXLib [Ver: 00173a, Rev: 174, Date: 2025-08-17 06:00:49 +0400], Instance: 0x00007FF6B8B7C9A4 (64-bit), Flags: CMdRe0, Thread: 0x7E4 (Main), GetLastError(): 183 (Невозможно создать файл, так как он уже существует). 

--------------------------------------------------
Стек вызовов:

# 0 0x00007FF6B8B36EC4 in C:\MIPT\proga\sem2\projects\mondelbrot\mandelbrot.exe: main() at C:/MIPT/proga/sem2/projects/mondelbrot/main.cpp:96:

     94:     if(*flag) return;
     95: 
=>   96:     LPRINTF("curComplexReSquare = %f", (*curComplex)       * (*curComplex));
     97:     
     98:     float curComplexReSquare = (*curComplex)       * (*curComplex);

--------------------------------------------------
Developed with:

The Dumb Artist Library (TX Library)
TXLib [Ver: 00173a, Rev: 174, Date: 2025-08-17 06:00:49 +0400]
Copyright (C) Ded (Ilya Dedinsky, http://txlib.ru) <mail@txlib.ru>
See license on: http://txlib.ru

TXLib file:	C:\Users\Lenovo\Downloads\TX/TXLib.h
Compiled:	Apr  4 2026 21:16:55, GNU g++ 13.2.0, std=201703L, MinGW-W64 Runtime 11.0.1 (alpha - rev. 0) 0000-00-00, 64-bit, Release
Started:	Apr  4 2026 21:17:05

Run file:	C:\MIPT\proga\sem2\projects\mondelbrot\mandelbrot.exe
Directory:	C:\MIPT\proga\sem2\projects\mondelbrot

--------------------------------------------------

--------------------------------------------------
TXLib соболезнует...

Программа: C:\MIPT\proga\sem2\projects\mondelbrot\mandelbrot.exe,

ВНЕЗАПНО: signal (8, 0x00): SIGFPE: Грубая ошибка в вычислениях. 

Переполнение при операции с плавающей точкой.

#1: Исключение EXCEPTION_FLT_OVERFLOW (0xC0000091) при выполнении кода по адресу 0x00007FF6B8B36EC4 в функции main() в файле C:/MIPT/proga/sem2/projects/mondelbrot/main.cpp на строке 96 в модуле C:\MIPT\proga\sem2\projects\mondelbrot\mandelbrot.exe. Спасибо _txVectoredExceptionHandler(), что сообщил. Люблю его <3

С помощью функции signal() вы можете сами обработать эту ошибку.

#2: TXLib [Ver: 00173a, Rev: 174, Date: 2025-08-17 06:00:49 +0400], Instance: 0x00007FF6B8B7C9A4 (64-bit), Flags: CMdRe0, Thread: 0x7E4 (Main), GetLastError(): 183 (Невозможно создать файл, так как он уже существует). 

--------------------------------------------------
Стек вызовов:

# 0 0x00007FF6B8B36EC4 in C:\MIPT\proga\sem2\projects\mondelbrot\mandelbrot.exe: main() at C:/MIPT/proga/sem2/projects/mondelbrot/main.cpp:96:

     94:     if(*flag) return;
     95: 
=>   96:     LPRINTF("curComplexReSquare = %f", (*curComplex)       * (*curComplex));
     97:     
     98:     float curComplexReSquare = (*curComplex)       * (*curComplex);

--------------------------------------------------
Developed with:

The Dumb Artist Library (TX Library)
TXLib [Ver: 00173a, Rev: 174, Date: 2025-08-17 06:00:49 +0400]
Copyright (C) Ded (Ilya Dedinsky, http://txlib.ru) <mail@txlib.ru>
See license on: http://txlib.ru

TXLib file:	C:\Users\Lenovo\Downloads\TX/TXLib.h
Compiled:	Apr  4 2026 21:16:55, GNU g++ 13.2.0, std=201703L, MinGW-W64 Runtime 11.0.1 (alpha - rev. 0) 0000-00-00, 64-bit, Release
Started:	Apr  4 2026 21:17:04

Run file:	C:\MIPT\proga\sem2\projects\mondelbrot\mandelbrot.exe
Directory:	C:\MIPT\proga\sem2\projects\mondelbrot

--------------------------------------------------

--------------------------------------------------
TXLib предупреждает:

Программа: C:\MIPT\proga\sem2\projects\mondelbrot\mandelbrot.exe,

ВНЕЗАПНО: Переполнение при операции с плавающей точкой.

#1: Исключение EXCEPTION_FLT_OVERFLOW (0xC0000091) при выполнении кода по адресу 0x00007FF6C6826EC4 в функции main() в файле C:/MIPT/proga/sem2/projects/mondelbrot/main.cpp на строке 96 в модуле C:\MIPT\proga\sem2\projects\mondelbrot\mandelbrot.exe. Спасибо _txVectoredExceptionHandler(), что сообщил. Люблю его <3

#1: TXLib [Ver: 00173a, Rev: 174, Date: 2025-08-17 06:00:49 +0400], Instance: 0x00007FF6C686C9A4 (64-bit), Flags: CMdRe0, Thread: 0x3D7C (Main), GetLastError(): 183 (Невозможно создать файл, так как он уже существует). 

--------------------------------------------------
Стек вызовов:

# 0 0x00007FF6C6826EC4 in C:\MIPT\proga\sem2\projects\mondelbrot\mandelbrot.exe: main() at C:/MIPT/proga/sem2/projects/mondelbrot/main.cpp:96:

     94:     if(*flag) return;
     95: 
=>   96:     LPRINTF("curComplexReSquare = %f", (*curComplex)       * (*curComplex));
     97:     
     98:     float curComplexReSquare = (*curComplex)       * (*curComplex);

--------------------------------------------------
Developed with:

The Dumb Artist Library (TX Library)
TXLib [Ver: 00173a, Rev: 174, Date: 2025-08-17 06:00:49 +0400]
Copyright (C) Ded (Ilya Dedinsky, http://txlib.ru) <mail@txlib.ru>
See license on: http://txlib.ru

TXLib file:	C:\Users\Lenovo\Downloads\TX/TXLib.h
Compiled:	Apr  4 2026 21:39:28, GNU g++ 13.2.0, std=201703L, MinGW-W64 Runtime 11.0.1 (alpha - rev. 0) 0000-00-00, 64-bit, Release
Started:	Apr  4 2026 21:39:39

Run file:	C:\MIPT\proga\sem2\projects\mondelbrot\mandelbrot.exe
Directory:	C:\MIPT\proga\sem2\projects\mondelbrot

--------------------------------------------------

--------------------------------------------------
TXLib соболезнует...

Программа: C:\MIPT\proga\sem2\projects\mondelbrot\mandelbrot.exe,

ВНЕЗАПНО: signal (8, 0x00): SIGFPE: Грубая ошибка в вычислениях. 

Переполнение при операции с плавающей точкой.

#1: Исключение EXCEPTION_FLT_OVERFLOW (0xC0000091) при выполнении кода по адресу 0x00007FF6C6826EC4 в функции main() в файле C:/MIPT/proga/sem2/projects/mondelbrot/main.cpp на строке 96 в модуле C:\MIPT\proga\sem2\projects\mondelbrot\mandelbrot.exe. Спасибо _txVectoredExceptionHandler(), что сообщил. Люблю его <3

С помощью функции signal() вы можете сами обработать эту ошибку.

#2: TXLib [Ver: 00173a, Rev: 174, Date: 2025-08-17 06:00:49 +0400], Instance: 0x00007FF6C686C9A4 (64-bit), Flags: CMdRe0, Thread: 0x3D7C (Main), GetLastError(): 183 (Невозможно создать файл, так как он уже существует). 

--------------------------------------------------
Стек вызовов:

# 0 0x00007FF6C6826EC4 in C:\MIPT\proga\sem2\projects\mondelbrot\mandelbrot.exe: main() at C:/MIPT/proga/sem2/projects/mondelbrot/main.cpp:96:

     94:     if(*flag) return;
     95: 
=>   96:     LPRINTF("curComplexReSquare = %f", (*curComplex)       * (*curComplex));
     97:     
     98:     float curComplexReSquare = (*curComplex)       * (*curComplex);

--------------------------------------------------
Developed with:

The Dumb Artist Library (TX Library)
TXLib [Ver: 00173a, Rev: 174, Date: 2025-08-17 06:00:49 +0400]
Copyright (C) Ded (Ilya Dedinsky, http://txlib.ru) <mail@txlib.ru>
See license on: http://txlib.ru

TXLib file:	C:\Users\Lenovo\Downloads\TX/TXLib.h
Compiled:	Apr  4 2026 21:39:28, GNU g++ 13.2.0, std=201703L, MinGW-W64 Runtime 11.0.1 (alpha - rev. 0) 0000-00-00, 64-bit, Release
Started:	Apr  4 2026 21:39:39

Run file:	C:\MIPT\proga\sem2\projects\mondelbrot\mandelbrot.exe
Directory:	C:\MIPT\proga\sem2\projects\mondelbrot

--------------------------------------------------

--------------------------------------------------
TXLib предупреждает:

Программа: C:\MIPT\proga\sem2\projects\mondelbrot\mandelbrot.exe,

ВНЕЗАПНО: Переполнение при операции с плавающей точкой.

#1: Исключение EXCEPTION_FLT_OVERFLOW (0xC0000091) при выполнении кода по адресу 0x00007FF656176C36 в функции main() в файле C:/MIPT/proga/sem2/projects/mondelbrot/main.cpp на строке 96 в модуле C:\MIPT\proga\sem2\projects\mondelbrot\mandelbrot.exe. Спасибо _txVectoredExceptionHandler(), что сообщил. Люблю его <3

#1: TXLib [Ver: 00173a, Rev: 174, Date: 2025-08-17 06:00:49 +0400], Instance: 0x00007FF6561BB9A4 (64-bit), Flags: CMdRe0, Thread: 0x6298 (Main). 

--------------------------------------------------
Стек вызовов:

# 0 0x00007FF656176C36 in C:\MIPT\proga\sem2\projects\mondelbrot\mandelbrot.exe: main() at C:/MIPT/proga/sem2/projects/mondelbrot/main.cpp:95:

     93:     assert(flag);
     94:     
=>   95:     float curComplexReSquare = (*curComplex)       * (*curComplex);
     96:     float curComplexImSquare = (*(curComplex + 1)) * (*(curComplex + 1));
     97:     float curComplexImRe     = (*(curComplex + 1)) * (*curComplex);

--------------------------------------------------
Developed with:

The Dumb Artist Library (TX Library)
TXLib [Ver: 00173a, Rev: 174, Date: 2025-08-17 06:00:49 +0400]
Copyright (C) Ded (Ilya Dedinsky, http://txlib.ru) <mail@txlib.ru>
See license on: http://txlib.ru

TXLib file:	C:\Users\Lenovo\Downloads\TX/TXLib.h
Compiled:	Apr  5 2026 00:33:41, GNU g++ 13.2.0, std=201703L, MinGW-W64 Runtime 11.0.1 (alpha - rev. 0) 0000-00-00, 64-bit, Release
Started:	Apr  5 2026 00:33:51

Run file:	C:\MIPT\proga\sem2\projects\mondelbrot\mandelbrot.exe
Directory:	C:\MIPT\proga\sem2\projects\mondelbrot

--------------------------------------------------

--------------------------------------------------
TXLib соболезнует...

Программа: C:\MIPT\proga\sem2\projects\mondelbrot\mandelbrot.exe,

ВНЕЗАПНО: signal (8, 0x00): SIGFPE: Грубая ошибка в вычислениях. 

Переполнение при операции с плавающей точкой.

#1: Исключение EXCEPTION_FLT_OVERFLOW (0xC0000091) при выполнении кода по адресу 0x00007FF656176C36 в функции main() в файле C:/MIPT/proga/sem2/projects/mondelbrot/main.cpp на строке 96 в модуле C:\MIPT\proga\sem2\projects\mondelbrot\mandelbrot.exe. Спасибо _txVectoredExceptionHandler(), что сообщил. Люблю его <3

С помощью функции signal() вы можете сами обработать эту ошибку.

#2: TXLib [Ver: 00173a, Rev: 174, Date: 2025-08-17 06:00:49 +0400], Instance: 0x00007FF6561BB9A4 (64-bit), Flags: CMdRe0, Thread: 0x6298 (Main). 

--------------------------------------------------
Стек вызовов:

# 0 0x00007FF656176C36 in C:\MIPT\proga\sem2\projects\mondelbrot\mandelbrot.exe: main() at C:/MIPT/proga/sem2/projects/mondelbrot/main.cpp:95:

     93:     assert(flag);
     94:     
=>   95:     float curComplexReSquare = (*curComplex)       * (*curComplex);
     96:     float curComplexImSquare = (*(curComplex + 1)) * (*(curComplex + 1));
     97:     float curComplexImRe     = (*(curComplex + 1)) * (*curComplex);

--------------------------------------------------
Developed with:

The Dumb Artist Library (TX Library)
TXLib [Ver: 00173a, Rev: 174, Date: 2025-08-17 06:00:49 +0400]
Copyright (C) Ded (Ilya Dedinsky, http://txlib.ru) <mail@txlib.ru>
See license on: http://txlib.ru

TXLib file:	C:\Users\Lenovo\Downloads\TX/TXLib.h
Compiled:	Apr  5 2026 00:33:41, GNU g++ 13.2.0, std=201703L, MinGW-W64 Runtime 11.0.1 (alpha - rev. 0) 0000-00-00, 64-bit, Release
Started:	Apr  5 2026 00:33:51

Run file:	C:\MIPT\proga\sem2\projects\mondelbrot\mandelbrot.exe
Directory:	C:\MIPT\proga\sem2\projects\mondelbrot

--------------------------------------------------

--------------------------------------------------
TXLib предупреждает:

Программа: C:\MIPT\proga\sem2\projects\mondelbrot\mandelbrot.exe,

ВНЕЗАПНО: Переполнение при операции с плавающей точкой.

#1: Исключение EXCEPTION_FLT_OVERFLOW (0xC0000091) при выполнении кода по адресу 0x00007FF72EA46C16 в функции main() в файле C:/MIPT/proga/sem2/projects/mondelbrot/main.cpp на строке 96 в модуле C:\MIPT\proga\sem2\projects\mondelbrot\mandelbrot.exe. Спасибо _txVectoredExceptionHandler(), что сообщил. Люблю его <3

#1: TXLib [Ver: 00173a, Rev: 174, Date: 2025-08-17 06:00:49 +0400], Instance: 0x00007FF72EA8B9A4 (64-bit), Flags: CMdRe0, Thread: 0x19C8 (Main). 

--------------------------------------------------
Стек вызовов:

# 0 0x00007FF72EA46C16 in C:\MIPT\proga\sem2\projects\mondelbrot\mandelbrot.exe: main() at C:/MIPT/proga/sem2/projects/mondelbrot/main.cpp:96:

     94:     
     95:     float curComplexReSquare = (*curComplex)       * (*curComplex);
=>   96:     float curComplexImSquare = (*(curComplex + 1)) * (*(curComplex + 1));
     97:     float curComplexImRe     = (*(curComplex + 1)) * (*curComplex);
     98:     

--------------------------------------------------
Developed with:

The Dumb Artist Library (TX Library)
TXLib [Ver: 00173a, Rev: 174, Date: 2025-08-17 06:00:49 +0400]
Copyright (C) Ded (Ilya Dedinsky, http://txlib.ru) <mail@txlib.ru>
See license on: http://txlib.ru

TXLib file:	C:\Users\Lenovo\Downloads\TX/TXLib.h
Compiled:	Apr  5 2026 00:36:51, GNU g++ 13.2.0, std=201703L, MinGW-W64 Runtime 11.0.1 (alpha - rev. 0) 0000-00-00, 64-bit, Release
Started:	Apr  5 2026 00:37:01

Run file:	C:\MIPT\proga\sem2\projects\mondelbrot\mandelbrot.exe
Directory:	C:\MIPT\proga\sem2\projects\mondelbrot

--------------------------------------------------

--------------------------------------------------
TXLib соболезнует...

Программа: C:\MIPT\proga\sem2\projects\mondelbrot\mandelbrot.exe,

ВНЕЗАПНО: signal (8, 0x00): SIGFPE: Грубая ошибка в вычислениях. 

Переполнение при операции с плавающей точкой.

#1: Исключение EXCEPTION_FLT_OVERFLOW (0xC0000091) при выполнении кода по адресу 0x00007FF72EA46C16 в функции main() в файле C:/MIPT/proga/sem2/projects/mondelbrot/main.cpp на строке 96 в модуле C:\MIPT\proga\sem2\projects\mondelbrot\mandelbrot.exe. Спасибо _txVectoredExceptionHandler(), что сообщил. Люблю его <3

С помощью функции signal() вы можете сами обработать эту ошибку.

#2: TXLib [Ver: 00173a, Rev: 174, Date: 2025-08-17 06:00:49 +0400], Instance: 0x00007FF72EA8B9A4 (64-bit), Flags: CMdRe0, Thread: 0x19C8 (Main). 

--------------------------------------------------
Стек вызовов:

# 0 0x00007FF72EA46C16 in C:\MIPT\proga\sem2\projects\mondelbrot\mandelbrot.exe: main() at C:/MIPT/proga/sem2/projects/mondelbrot/main.cpp:96:

     94:     
     95:     float curComplexReSquare = (*curComplex)       * (*curComplex);
=>   96:     float curComplexImSquare = (*(curComplex + 1)) * (*(curComplex + 1));
     97:     float curComplexImRe     = (*(curComplex + 1)) * (*curComplex);
     98:     

--------------------------------------------------
Developed with:

The Dumb Artist Library (TX Library)
TXLib [Ver: 00173a, Rev: 174, Date: 2025-08-17 06:00:49 +0400]
Copyright (C) Ded (Ilya Dedinsky, http://txlib.ru) <mail@txlib.ru>
See license on: http://txlib.ru

TXLib file:	C:\Users\Lenovo\Downloads\TX/TXLib.h
Compiled:	Apr  5 2026 00:36:51, GNU g++ 13.2.0, std=201703L, MinGW-W64 Runtime 11.0.1 (alpha - rev. 0) 0000-00-00, 64-bit, Release
Started:	Apr  5 2026 00:37:01

Run file:	C:\MIPT\proga\sem2\projects\mondelbrot\mandelbrot.exe
Directory:	C:\MIPT\proga\sem2\projects\mondelbrot

--------------------------------------------------

--------------------------------------------------
TXLib предупреждает:

Программа: C:\MIPT\proga\sem2\projects\mondelbrot\mandelbrot.exe,

ВНЕЗАПНО: Переполнение при операции с плавающей точкой.

#1: Исключение EXCEPTION_FLT_OVERFLOW (0xC0000091) при выполнении кода по адресу 0x00007FF672D16C16 в функции main() в файле C:/MIPT/proga/sem2/projects/mondelbrot/main.cpp на строке 96 в модуле C:\MIPT\proga\sem2\projects\mondelbrot\mandelbrot.exe. Спасибо _txVectoredExceptionHandler(), что сообщил. Люблю его <3

#1: TXLib [Ver: 00173a, Rev: 174, Date: 2025-08-17 06:00:49 +0400], Instance: 0x00007FF672D5B9A4 (64-bit), Flags: CMdRe0, Thread: 0x1EBC (Main). 

--------------------------------------------------
Стек вызовов:

# 0 0x00007FF672D16C16 in C:\MIPT\proga\sem2\projects\mondelbrot\mandelbrot.exe: main() at C:/MIPT/proga/sem2/projects/mondelbrot/main.cpp:96:

     94:     
     95:     float curComplexReSquare = (*curComplex)       * (*curComplex);
=>   96:     float curComplexImSquare = (*(curComplex + 1)) * (*(curComplex + 1));
     97:     float curComplexImRe     = (*(curComplex + 1)) * (*curComplex);
     98:     

--------------------------------------------------
Developed with:

The Dumb Artist Library (TX Library)
TXLib [Ver: 00173a, Rev: 174, Date: 2025-08-17 06:00:49 +0400]
Copyright (C) Ded (Ilya Dedinsky, http://txlib.ru) <mail@txlib.ru>
See license on: http://txlib.ru

TXLib file:	C:\Users\Lenovo\Downloads\TX/TXLib.h
Compiled:	Apr  5 2026 00:38:19, GNU g++ 13.2.0, std=201703L, MinGW-W64 Runtime 11.0.1 (alpha - rev. 0) 0000-00-00, 64-bit, Release
Started:	Apr  5 2026 00:38:28

Run file:	C:\MIPT\proga\sem2\projects\mondelbrot\mandelbrot.exe
Directory:	C:\MIPT\proga\sem2\projects\mondelbrot

--------------------------------------------------

--------------------------------------------------
TXLib соболезнует...

Программа: C:\MIPT\proga\sem2\projects\mondelbrot\mandelbrot.exe,

ВНЕЗАПНО: signal (8, 0x00): SIGFPE: Грубая ошибка в вычислениях. 

Переполнение при операции с плавающей точкой.

#1: Исключение EXCEPTION_FLT_OVERFLOW (0xC0000091) при выполнении кода по адресу 0x00007FF672D16C16 в функции main() в файле C:/MIPT/proga/sem2/projects/mondelbrot/main.cpp на строке 96 в модуле C:\MIPT\proga\sem2\projects\mondelbrot\mandelbrot.exe. Спасибо _txVectoredExceptionHandler(), что сообщил. Люблю его <3

С помощью функции signal() вы можете сами обработать эту ошибку.

#2: TXLib [Ver: 00173a, Rev: 174, Date: 2025-08-17 06:00:49 +0400], Instance: 0x00007FF672D5B9A4 (64-bit), Flags: CMdRe0, Thread: 0x1EBC (Main). 

--------------------------------------------------
Стек вызовов:

# 0 0x00007FF672D16C16 in C:\MIPT\proga\sem2\projects\mondelbrot\mandelbrot.exe: main() at C:/MIPT/proga/sem2/projects/mondelbrot/main.cpp:96:

     94:     
     95:     float curComplexReSquare = (*curComplex)       * (*curComplex);
=>   96:     float curComplexImSquare = (*(curComplex + 1)) * (*(curComplex + 1));
     97:     float curComplexImRe     = (*(curComplex + 1)) * (*curComplex);
     98:     

--------------------------------------------------
Developed with:

The Dumb Artist Library (TX Library)
TXLib [Ver: 00173a, Rev: 174, Date: 2025-08-17 06:00:49 +0400]
Copyright (C) Ded (Ilya Dedinsky, http://txlib.ru) <mail@txlib.ru>
See license on: http://txlib.ru

TXLib file:	C:\Users\Lenovo\Downloads\TX/TXLib.h
Compiled:	Apr  5 2026 00:38:19, GNU g++ 13.2.0, std=201703L, MinGW-W64 Runtime 11.0.1 (alpha - rev. 0) 0000-00-00, 64-bit, Release
Started:	Apr  5 2026 00:38:28

Run file:	C:\MIPT\proga\sem2\projects\mondelbrot\mandelbrot.exe
Directory:	C:\MIPT\proga\sem2\projects\mondelbrot

--------------------------------------------------

--------------------------------------------------
TXLib предупреждает:

Программа: C:\MIPT\proga\sem2\projects\mondelbrot\mandelbrot.exe,

ВНЕЗАПНО: Нарушение доступа к памяти.

#1: Исключение EXCEPTION_ACCESS_VIOLATION (0xC0000005) при выполнении кода по адресу 0x00007FF7EC155ED5 в функции main() в файле C:/MIPT/proga/sem2/projects/mondelbrot/main.cpp на строке 80. Попытка записать данные по адресу 0x0000024D31A85881 в модуле C:\MIPT\proga\sem2\projects\mondelbrot\mandelbrot.exe. Спасибо _txVectoredExceptionHandler(), что сообщил. Люблю его <3

#1: TXLib [Ver: 00173a, Rev: 174, Date: 2025-08-17 06:00:49 +0400], Instance: 0x00007FF7EC1999A4 (64-bit), Flags: CMdRe0, Thread: 0x19AC (Main). 

--------------------------------------------------
Стек вызовов:

# 0 0x00007FF7EC155ED5 in C:\MIPT\proga\sem2\projects\mondelbrot\mandelbrot.exe: main() at C:/MIPT/proga/sem2/projects/mondelbrot/main.cpp:80:

     78:                 for(int i = 0; i < UNWRAP_NUMBER; i++){
     79:                     videoMemBuffer[counterX + (-counterY + i + HEIGHT_WINDOW - 1) * WIDTH_WINDOW].rgbRed   = exitIndexes[i] % 113;
=>   80:                     videoMemBuffer[counterX + (-counterY + i + HEIGHT_WINDOW - 1) * WIDTH_WINDOW].rgbGreen = exitIndexes[i] % 128;
     81:                     videoMemBuffer[counterX + (-counterY + i + HEIGHT_WINDOW - 1) * WIDTH_WINDOW].rgbBlue  = exitIndexes[i] % 10;
     82:                 }

--------------------------------------------------
Developed with:

The Dumb Artist Library (TX Library)
TXLib [Ver: 00173a, Rev: 174, Date: 2025-08-17 06:00:49 +0400]
Copyright (C) Ded (Ilya Dedinsky, http://txlib.ru) <mail@txlib.ru>
See license on: http://txlib.ru

TXLib file:	C:\Users\Lenovo\Downloads\TX/TXLib.h
Compiled:	Apr  5 2026 13:38:31, GNU g++ 13.2.0, std=201703L, MinGW-W64 Runtime 11.0.1 (alpha - rev. 0) 0000-00-00, 64-bit, Release
Started:	Apr  5 2026 13:38:38

Run file:	C:\MIPT\proga\sem2\projects\mondelbrot\mandelbrot.exe
Directory:	C:\MIPT\proga\sem2\projects\mondelbrot

--------------------------------------------------

--------------------------------------------------
TXLib соболезнует...

Программа: C:\MIPT\proga\sem2\projects\mondelbrot\mandelbrot.exe,

ВНЕЗАПНО: signal (11, 0x00): SIGSEGV: Доступ по неверному указателю. Ставьте ассерты! 

Нарушение доступа к памяти.

#1: Исключение EXCEPTION_ACCESS_VIOLATION (0xC0000005) при выполнении кода по адресу 0x00007FF7EC155ED5 в функции main() в файле C:/MIPT/proga/sem2/projects/mondelbrot/main.cpp на строке 80. Попытка записать данные по адресу 0x0000024D31A85881 в модуле C:\MIPT\proga\sem2\projects\mondelbrot\mandelbrot.exe. Спасибо _txVectoredExceptionHandler(), что сообщил. Люблю его <3

С помощью функции signal() вы можете сами обработать эту ошибку.

#2: TXLib [Ver: 00173a, Rev: 174, Date: 2025-08-17 06:00:49 +0400], Instance: 0x00007FF7EC1999A4 (64-bit), Flags: CMdRe0, Thread: 0x19AC (Main). 

--------------------------------------------------
Стек вызовов:

# 0 0x00007FF7EC155ED5 in C:\MIPT\proga\sem2\projects\mondelbrot\mandelbrot.exe: main() at C:/MIPT/proga/sem2/projects/mondelbrot/main.cpp:80:

     78:                 for(int i = 0; i < UNWRAP_NUMBER; i++){
     79:                     videoMemBuffer[counterX + (-counterY + i + HEIGHT_WINDOW - 1) * WIDTH_WINDOW].rgbRed   = exitIndexes[i] % 113;
=>   80:                     videoMemBuffer[counterX + (-counterY + i + HEIGHT_WINDOW - 1) * WIDTH_WINDOW].rgbGreen = exitIndexes[i] % 128;
     81:                     videoMemBuffer[counterX + (-counterY + i + HEIGHT_WINDOW - 1) * WIDTH_WINDOW].rgbBlue  = exitIndexes[i] % 10;
     82:                 }

--------------------------------------------------
Developed with:

The Dumb Artist Library (TX Library)
TXLib [Ver: 00173a, Rev: 174, Date: 2025-08-17 06:00:49 +0400]
Copyright (C) Ded (Ilya Dedinsky, http://txlib.ru) <mail@txlib.ru>
See license on: http://txlib.ru

TXLib file:	C:\Users\Lenovo\Downloads\TX/TXLib.h
Compiled:	Apr  5 2026 13:38:31, GNU g++ 13.2.0, std=201703L, MinGW-W64 Runtime 11.0.1 (alpha - rev. 0) 0000-00-00, 64-bit, Release
Started:	Apr  5 2026 13:38:38

Run file:	C:\MIPT\proga\sem2\projects\mondelbrot\mandelbrot.exe
Directory:	C:\MIPT\proga\sem2\projects\mondelbrot

--------------------------------------------------

--------------------------------------------------
TXLib предупреждает:

Программа: C:\MIPT\proga\sem2\projects\mondelbrot\mandelbrot.exe,

ВНЕЗАПНО: Нарушение доступа к памяти.

#1: Исключение EXCEPTION_ACCESS_VIOLATION (0xC0000005) при выполнении кода по адресу 0x00007FF6BBA75E31 в функции main() в файле C:/MIPT/proga/sem2/projects/mondelbrot/main.cpp на строке 80. Попытка записать данные по адресу 0x000002AB05185881 в модуле C:\MIPT\proga\sem2\projects\mondelbrot\mandelbrot.exe. Спасибо _txVectoredExceptionHandler(), что сообщил. Люблю его <3

#1: TXLib [Ver: 00173a, Rev: 174, Date: 2025-08-17 06:00:49 +0400], Instance: 0x00007FF6BBAB99A4 (64-bit), Flags: CMdRe0, Thread: 0x6B24 (Main). 

--------------------------------------------------
Стек вызовов:

# 0 0x00007FF6BBA75E31 in C:\MIPT\proga\sem2\projects\mondelbrot\mandelbrot.exe: main() at C:/MIPT/proga/sem2/projects/mondelbrot/main.cpp:80:

     78:                 for(int i = 0; i < UNWRAP_NUMBER; i++){
     79:                     videoMemBuffer[counterX + (-counterY + i + HEIGHT_WINDOW - 1) * WIDTH_WINDOW].rgbRed   = exitIndexes[i] % 113;
=>   80:                     videoMemBuffer[counterX + (-counterY + i + HEIGHT_WINDOW - 1) * WIDTH_WINDOW].rgbGreen = exitIndexes[i] % 128;
     81:                     videoMemBuffer[counterX + (-counterY + i + HEIGHT_WINDOW - 1) * WIDTH_WINDOW].rgbBlue  = exitIndexes[i] % 10;
     82:                 }

--------------------------------------------------
Developed with:

The Dumb Artist Library (TX Library)
TXLib [Ver: 00173a, Rev: 174, Date: 2025-08-17 06:00:49 +0400]
Copyright (C) Ded (Ilya Dedinsky, http://txlib.ru) <mail@txlib.ru>
See license on: http://txlib.ru

TXLib file:	C:\Users\Lenovo\Downloads\TX/TXLib.h
Compiled:	Apr  5 2026 13:39:32, GNU g++ 13.2.0, std=201703L, MinGW-W64 Runtime 11.0.1 (alpha - rev. 0) 0000-00-00, 64-bit, Release
Started:	Apr  5 2026 13:39:39

Run file:	C:\MIPT\proga\sem2\projects\mondelbrot\mandelbrot.exe
Directory:	C:\MIPT\proga\sem2\projects\mondelbrot

--------------------------------------------------

--------------------------------------------------
TXLib соболезнует...

Программа: C:\MIPT\proga\sem2\projects\mondelbrot\mandelbrot.exe,

ВНЕЗАПНО: signal (11, 0x00): SIGSEGV: Доступ по неверному указателю. Ставьте ассерты! 

Нарушение доступа к памяти.

#1: Исключение EXCEPTION_ACCESS_VIOLATION (0xC0000005) при выполнении кода по адресу 0x00007FF6BBA75E31 в функции main() в файле C:/MIPT/proga/sem2/projects/mondelbrot/main.cpp на строке 80. Попытка записать данные по адресу 0x000002AB05185881 в модуле C:\MIPT\proga\sem2\projects\mondelbrot\mandelbrot.exe. Спасибо _txVectoredExceptionHandler(), что сообщил. Люблю его <3

С помощью функции signal() вы можете сами обработать эту ошибку.

#2: TXLib [Ver: 00173a, Rev: 174, Date: 2025-08-17 06:00:49 +0400], Instance: 0x00007FF6BBAB99A4 (64-bit), Flags: CMdRe0, Thread: 0x6B24 (Main). 

--------------------------------------------------
Стек вызовов:

# 0 0x00007FF6BBA75E31 in C:\MIPT\proga\sem2\projects\mondelbrot\mandelbrot.exe: main() at C:/MIPT/proga/sem2/projects/mondelbrot/main.cpp:80:

     78:                 for(int i = 0; i < UNWRAP_NUMBER; i++){
     79:                     videoMemBuffer[counterX + (-counterY + i + HEIGHT_WINDOW - 1) * WIDTH_WINDOW].rgbRed   = exitIndexes[i] % 113;
=>   80:                     videoMemBuffer[counterX + (-counterY + i + HEIGHT_WINDOW - 1) * WIDTH_WINDOW].rgbGreen = exitIndexes[i] % 128;
     81:                     videoMemBuffer[counterX + (-counterY + i + HEIGHT_WINDOW - 1) * WIDTH_WINDOW].rgbBlue  = exitIndexes[i] % 10;
     82:                 }

--------------------------------------------------
Developed with:

The Dumb Artist Library (TX Library)
TXLib [Ver: 00173a, Rev: 174, Date: 2025-08-17 06:00:49 +0400]
Copyright (C) Ded (Ilya Dedinsky, http://txlib.ru) <mail@txlib.ru>
See license on: http://txlib.ru

TXLib file:	C:\Users\Lenovo\Downloads\TX/TXLib.h
Compiled:	Apr  5 2026 13:39:32, GNU g++ 13.2.0, std=201703L, MinGW-W64 Runtime 11.0.1 (alpha - rev. 0) 0000-00-00, 64-bit, Release
Started:	Apr  5 2026 13:39:39

Run file:	C:\MIPT\proga\sem2\projects\mondelbrot\mandelbrot.exe
Directory:	C:\MIPT\proga\sem2\projects\mondelbrot

--------------------------------------------------

--------------------------------------------------
TXLib предупреждает:

Программа: C:\MIPT\proga\sem2\projects\mondelbrot\mandelbrot.exe,

ВНЕЗАПНО: Нарушение доступа к памяти.

#1: Исключение EXCEPTION_ACCESS_VIOLATION (0xC0000005) при выполнении кода по адресу 0x00007FF7C3C65E31 в функции main() в файле C:/MIPT/proga/sem2/projects/mondelbrot/main.cpp на строке 80. Попытка записать данные по адресу 0x0000024B42A55881 в модуле C:\MIPT\proga\sem2\projects\mondelbrot\mandelbrot.exe. Спасибо _txVectoredExceptionHandler(), что сообщил. Люблю его <3

#1: TXLib [Ver: 00173a, Rev: 174, Date: 2025-08-17 06:00:49 +0400], Instance: 0x00007FF7C3CA99A4 (64-bit), Flags: CMdRe0, Thread: 0x724 (Main). 

--------------------------------------------------
Стек вызовов:

# 0 0x00007FF7C3C65E31 in C:\MIPT\proga\sem2\projects\mondelbrot\mandelbrot.exe: main() at C:/MIPT/proga/sem2/projects/mondelbrot/main.cpp:80:

     78:                 for(int i = 0; i < UNWRAP_NUMBER; i++){
     79:                     videoMemBuffer[counterX + (-counterY + i + HEIGHT_WINDOW - 1) * WIDTH_WINDOW].rgbRed   = exitIndexes[i] % 113;
=>   80:                     videoMemBuffer[counterX + (-counterY + i + HEIGHT_WINDOW - 1) * WIDTH_WINDOW].rgbGreen = exitIndexes[i] % 128;
     81:                     videoMemBuffer[counterX + (-counterY + i + HEIGHT_WINDOW - 1) * WIDTH_WINDOW].rgbBlue  = exitIndexes[i] % 10;
     82:                 }

--------------------------------------------------
Developed with:

The Dumb Artist Library (TX Library)
TXLib [Ver: 00173a, Rev: 174, Date: 2025-08-17 06:00:49 +0400]
Copyright (C) Ded (Ilya Dedinsky, http://txlib.ru) <mail@txlib.ru>
See license on: http://txlib.ru

TXLib file:	C:\Users\Lenovo\Downloads\TX/TXLib.h
Compiled:	Apr  5 2026 13:43:15, GNU g++ 13.2.0, std=201703L, MinGW-W64 Runtime 11.0.1 (alpha - rev. 0) 0000-00-00, 64-bit, Release
Started:	Apr  5 2026 13:43:22

Run file:	C:\MIPT\proga\sem2\projects\mondelbrot\mandelbrot.exe
Directory:	C:\MIPT\proga\sem2\projects\mondelbrot

--------------------------------------------------

--------------------------------------------------
TXLib соболезнует...

Программа: C:\MIPT\proga\sem2\projects\mondelbrot\mandelbrot.exe,

ВНЕЗАПНО: signal (11, 0x00): SIGSEGV: Доступ по неверному указателю. Ставьте ассерты! 

Нарушение доступа к памяти.

#1: Исключение EXCEPTION_ACCESS_VIOLATION (0xC0000005) при выполнении кода по адресу 0x00007FF7C3C65E31 в функции main() в файле C:/MIPT/proga/sem2/projects/mondelbrot/main.cpp на строке 80. Попытка записать данные по адресу 0x0000024B42A55881 в модуле C:\MIPT\proga\sem2\projects\mondelbrot\mandelbrot.exe. Спасибо _txVectoredExceptionHandler(), что сообщил. Люблю его <3

С помощью функции signal() вы можете сами обработать эту ошибку.

#2: TXLib [Ver: 00173a, Rev: 174, Date: 2025-08-17 06:00:49 +0400], Instance: 0x00007FF7C3CA99A4 (64-bit), Flags: CMdRe0, Thread: 0x724 (Main). 

--------------------------------------------------
Стек вызовов:

# 0 0x00007FF7C3C65E31 in C:\MIPT\proga\sem2\projects\mondelbrot\mandelbrot.exe: main() at C:/MIPT/proga/sem2/projects/mondelbrot/main.cpp:80:

     78:                 for(int i = 0; i < UNWRAP_NUMBER; i++){
     79:                     videoMemBuffer[counterX + (-counterY + i + HEIGHT_WINDOW - 1) * WIDTH_WINDOW].rgbRed   = exitIndexes[i] % 113;
=>   80:                     videoMemBuffer[counterX + (-counterY + i + HEIGHT_WINDOW - 1) * WIDTH_WINDOW].rgbGreen = exitIndexes[i] % 128;
     81:                     videoMemBuffer[counterX + (-counterY + i + HEIGHT_WINDOW - 1) * WIDTH_WINDOW].rgbBlue  = exitIndexes[i] % 10;
     82:                 }

--------------------------------------------------
Developed with:

The Dumb Artist Library (TX Library)
TXLib [Ver: 00173a, Rev: 174, Date: 2025-08-17 06:00:49 +0400]
Copyright (C) Ded (Ilya Dedinsky, http://txlib.ru) <mail@txlib.ru>
See license on: http://txlib.ru

TXLib file:	C:\Users\Lenovo\Downloads\TX/TXLib.h
Compiled:	Apr  5 2026 13:43:15, GNU g++ 13.2.0, std=201703L, MinGW-W64 Runtime 11.0.1 (alpha - rev. 0) 0000-00-00, 64-bit, Release
Started:	Apr  5 2026 13:43:22

Run file:	C:\MIPT\proga\sem2\projects\mondelbrot\mandelbrot.exe
Directory:	C:\MIPT\proga\sem2\projects\mondelbrot

--------------------------------------------------

--------------------------------------------------
TXLib предупреждает:

Программа: C:\MIPT\proga\sem2\projects\mondelbrot\mandelbrot.exe,

ВНЕЗАПНО: Нарушение доступа к памяти.

#1: Исключение EXCEPTION_ACCESS_VIOLATION (0xC0000005) при выполнении кода по адресу 0x00007FF62FDB5E33 в функции main() в файле C:/MIPT/proga/sem2/projects/mondelbrot/main.cpp на строке 79. Попытка записать данные по адресу 0x00000228EDAE5881 в модуле C:\MIPT\proga\sem2\projects\mondelbrot\mandelbrot.exe. Спасибо _txVectoredExceptionHandler(), что сообщил. Люблю его <3

#1: TXLib [Ver: 00173a, Rev: 174, Date: 2025-08-17 06:00:49 +0400], Instance: 0x00007FF62FDF99A4 (64-bit), Flags: CMdRe0, Thread: 0x1F30 (Main). 

--------------------------------------------------
Стек вызовов:

# 0 0x00007FF62FDB5E33 in C:\MIPT\proga\sem2\projects\mondelbrot\mandelbrot.exe: main() at C:/MIPT/proga/sem2/projects/mondelbrot/main.cpp:79:

     77:                 for(int i = 0; i < UNWRAP_NUMBER; i++){
     78:                     videoMemBuffer[counterX + (-counterY + i + HEIGHT_WINDOW - 1) * WIDTH_WINDOW].rgbRed   = exitIndexes[i] % 113;
=>   79:                     videoMemBuffer[counterX + (-counterY + i + HEIGHT_WINDOW - 1) * WIDTH_WINDOW].rgbGreen = exitIndexes[i] % 128;
     80:                     videoMemBuffer[counterX + (-counterY + i + HEIGHT_WINDOW - 1) * WIDTH_WINDOW].rgbBlue  = exitIndexes[i] % 10;
     81:                 }

--------------------------------------------------
Developed with:

The Dumb Artist Library (TX Library)
TXLib [Ver: 00173a, Rev: 174, Date: 2025-08-17 06:00:49 +0400]
Copyright (C) Ded (Ilya Dedinsky, http://txlib.ru) <mail@txlib.ru>
See license on: http://txlib.ru

TXLib file:	C:\Users\Lenovo\Downloads\TX/TXLib.h
Compiled:	Apr  5 2026 13:44:27, GNU g++ 13.2.0, std=201703L, MinGW-W64 Runtime 11.0.1 (alpha - rev. 0) 0000-00-00, 64-bit, Release
Started:	Apr  5 2026 13:44:34

Run file:	C:\MIPT\proga\sem2\projects\mondelbrot\mandelbrot.exe
Directory:	C:\MIPT\proga\sem2\projects\mondelbrot

--------------------------------------------------

--------------------------------------------------
TXLib соболезнует...

Программа: C:\MIPT\proga\sem2\projects\mondelbrot\mandelbrot.exe,

ВНЕЗАПНО: signal (11, 0x00): SIGSEGV: Доступ по неверному указателю. Ставьте ассерты! 

Нарушение доступа к памяти.

#1: Исключение EXCEPTION_ACCESS_VIOLATION (0xC0000005) при выполнении кода по адресу 0x00007FF62FDB5E33 в функции main() в файле C:/MIPT/proga/sem2/projects/mondelbrot/main.cpp на строке 79. Попытка записать данные по адресу 0x00000228EDAE5881 в модуле C:\MIPT\proga\sem2\projects\mondelbrot\mandelbrot.exe. Спасибо _txVectoredExceptionHandler(), что сообщил. Люблю его <3

С помощью функции signal() вы можете сами обработать эту ошибку.

#2: TXLib [Ver: 00173a, Rev: 174, Date: 2025-08-17 06:00:49 +0400], Instance: 0x00007FF62FDF99A4 (64-bit), Flags: CMdRe0, Thread: 0x1F30 (Main). 

--------------------------------------------------
Стек вызовов:

# 0 0x00007FF62FDB5E33 in C:\MIPT\proga\sem2\projects\mondelbrot\mandelbrot.exe: main() at C:/MIPT/proga/sem2/projects/mondelbrot/main.cpp:79:

     77:                 for(int i = 0; i < UNWRAP_NUMBER; i++){
     78:                     videoMemBuffer[counterX + (-counterY + i + HEIGHT_WINDOW - 1) * WIDTH_WINDOW].rgbRed   = exitIndexes[i] % 113;
=>   79:                     videoMemBuffer[counterX + (-counterY + i + HEIGHT_WINDOW - 1) * WIDTH_WINDOW].rgbGreen = exitIndexes[i] % 128;
     80:                     videoMemBuffer[counterX + (-counterY + i + HEIGHT_WINDOW - 1) * WIDTH_WINDOW].rgbBlue  = exitIndexes[i] % 10;
     81:                 }

--------------------------------------------------
Developed with:

The Dumb Artist Library (TX Library)
TXLib [Ver: 00173a, Rev: 174, Date: 2025-08-17 06:00:49 +0400]
Copyright (C) Ded (Ilya Dedinsky, http://txlib.ru) <mail@txlib.ru>
See license on: http://txlib.ru

TXLib file:	C:\Users\Lenovo\Downloads\TX/TXLib.h
Compiled:	Apr  5 2026 13:44:27, GNU g++ 13.2.0, std=201703L, MinGW-W64 Runtime 11.0.1 (alpha - rev. 0) 0000-00-00, 64-bit, Release
Started:	Apr  5 2026 13:44:34

Run file:	C:\MIPT\proga\sem2\projects\mondelbrot\mandelbrot.exe
Directory:	C:\MIPT\proga\sem2\projects\mondelbrot

--------------------------------------------------

--------------------------------------------------
TXLib предупреждает:

Программа: C:\MIPT\proga\sem2\projects\mondelbrot\mandelbrot.exe,

ВНЕЗАПНО: Нарушение доступа к памяти.

#1: Исключение EXCEPTION_ACCESS_VIOLATION (0xC0000005) при выполнении кода по адресу 0x00007FF6E44F605C в функции main() в файле C:/MIPT/proga/sem2/projects/mondelbrot/main.cpp на строке 78. Попытка записать данные по адресу 0x000001F619A45882 в модуле C:\MIPT\proga\sem2\projects\mondelbrot\mandelbrot.exe. Спасибо _txVectoredExceptionHandler(), что сообщил. Люблю его <3

#1: TXLib [Ver: 00173a, Rev: 174, Date: 2025-08-17 06:00:49 +0400], Instance: 0x00007FF6E45399A4 (64-bit), Flags: CMdRe0, Thread: 0x1B8 (Main). 

--------------------------------------------------
Стек вызовов:

# 0 0x00007FF6E44F605C in C:\MIPT\proga\sem2\projects\mondelbrot\mandelbrot.exe: main() at C:/MIPT/proga/sem2/projects/mondelbrot/main.cpp:80:

     78:                     videoMemBuffer[counterX + (-counterY + i + HEIGHT_WINDOW - 1) * WIDTH_WINDOW].rgbRed   = exitIndexes[i] % 113;
     79:                     videoMemBuffer[counterX + (-counterY + i + HEIGHT_WINDOW - 1) * WIDTH_WINDOW].rgbGreen = exitIndexes[i] % 128;
=>   80:                     videoMemBuffer[counterX + (-counterY + i + HEIGHT_WINDOW - 1) * WIDTH_WINDOW].rgbBlue  = exitIndexes[i] % 10;
     81:                 }
     82: 

--------------------------------------------------
Developed with:

The Dumb Artist Library (TX Library)
TXLib [Ver: 00173a, Rev: 174, Date: 2025-08-17 06:00:49 +0400]
Copyright (C) Ded (Ilya Dedinsky, http://txlib.ru) <mail@txlib.ru>
See license on: http://txlib.ru

TXLib file:	C:\Users\Lenovo\Downloads\TX/TXLib.h
Compiled:	Apr  5 2026 13:47:59, GNU g++ 13.2.0, std=201703L, MinGW-W64 Runtime 11.0.1 (alpha - rev. 0) 0000-00-00, 64-bit, Release
Started:	Apr  5 2026 13:48:07

Run file:	C:\MIPT\proga\sem2\projects\mondelbrot\mandelbrot.exe
Directory:	C:\MIPT\proga\sem2\projects\mondelbrot

--------------------------------------------------

--------------------------------------------------
TXLib соболезнует...

Программа: C:\MIPT\proga\sem2\projects\mondelbrot\mandelbrot.exe,

ВНЕЗАПНО: signal (11, 0x00): SIGSEGV: Доступ по неверному указателю. Ставьте ассерты! 

Нарушение доступа к памяти.

#1: Исключение EXCEPTION_ACCESS_VIOLATION (0xC0000005) при выполнении кода по адресу 0x00007FF6E44F605C в функции main() в файле C:/MIPT/proga/sem2/projects/mondelbrot/main.cpp на строке 78. Попытка записать данные по адресу 0x000001F619A45882 в модуле C:\MIPT\proga\sem2\projects\mondelbrot\mandelbrot.exe. Спасибо _txVectoredExceptionHandler(), что сообщил. Люблю его <3

С помощью функции signal() вы можете сами обработать эту ошибку.

#2: TXLib [Ver: 00173a, Rev: 174, Date: 2025-08-17 06:00:49 +0400], Instance: 0x00007FF6E45399A4 (64-bit), Flags: CMdRe0, Thread: 0x1B8 (Main). 

--------------------------------------------------
Стек вызовов:

# 0 0x00007FF6E44F605C in C:\MIPT\proga\sem2\projects\mondelbrot\mandelbrot.exe: main() at C:/MIPT/proga/sem2/projects/mondelbrot/main.cpp:80:

     78:                     videoMemBuffer[counterX + (-counterY + i + HEIGHT_WINDOW - 1) * WIDTH_WINDOW].rgbRed   = exitIndexes[i] % 113;
     79:                     videoMemBuffer[counterX + (-counterY + i + HEIGHT_WINDOW - 1) * WIDTH_WINDOW].rgbGreen = exitIndexes[i] % 128;
=>   80:                     videoMemBuffer[counterX + (-counterY + i + HEIGHT_WINDOW - 1) * WIDTH_WINDOW].rgbBlue  = exitIndexes[i] % 10;
     81:                 }
     82: 

--------------------------------------------------
Developed with:

The Dumb Artist Library (TX Library)
TXLib [Ver: 00173a, Rev: 174, Date: 2025-08-17 06:00:49 +0400]
Copyright (C) Ded (Ilya Dedinsky, http://txlib.ru) <mail@txlib.ru>
See license on: http://txlib.ru

TXLib file:	C:\Users\Lenovo\Downloads\TX/TXLib.h
Compiled:	Apr  5 2026 13:47:59, GNU g++ 13.2.0, std=201703L, MinGW-W64 Runtime 11.0.1 (alpha - rev. 0) 0000-00-00, 64-bit, Release
Started:	Apr  5 2026 13:48:07

Run file:	C:\MIPT\proga\sem2\projects\mondelbrot\mandelbrot.exe
Directory:	C:\MIPT\proga\sem2\projects\mondelbrot

--------------------------------------------------

--------------------------------------------------
TXLib предупреждает:

Программа: C:\MIPT\proga\sem2\projects\mondelbrot\mandelbrot.exe,

ВНЕЗАПНО: Нарушение доступа к памяти.

#1: Исключение EXCEPTION_ACCESS_VIOLATION (0xC0000005) при выполнении кода по адресу 0x00007FF75848605C в функции main() в файле C:/MIPT/proga/sem2/projects/mondelbrot/main.cpp на строке 78. Попытка записать данные по адресу 0x000002AF7ADA5882 в модуле C:\MIPT\proga\sem2\projects\mondelbrot\mandelbrot.exe. Спасибо _txVectoredExceptionHandler(), что сообщил. Люблю его <3

#1: TXLib [Ver: 00173a, Rev: 174, Date: 2025-08-17 06:00:49 +0400], Instance: 0x00007FF7584C99A4 (64-bit), Flags: CMdRe0, Thread: 0x764 (Main). 

--------------------------------------------------
Стек вызовов:

# 0 0x00007FF75848605C in C:\MIPT\proga\sem2\projects\mondelbrot\mandelbrot.exe: main() at C:/MIPT/proga/sem2/projects/mondelbrot/main.cpp:80:

     78:                     videoMemBuffer[counterX + (-counterY + i + HEIGHT_WINDOW - 1) * WIDTH_WINDOW].rgbRed   = exitIndexes[i] % 113;
     79:                     videoMemBuffer[counterX + (-counterY + i + HEIGHT_WINDOW - 1) * WIDTH_WINDOW].rgbGreen = exitIndexes[i] % 128;
=>   80:                     videoMemBuffer[counterX + (-counterY + i + HEIGHT_WINDOW - 1) * WIDTH_WINDOW].rgbBlue  = exitIndexes[i] % 10;
     81:                 }
     82: 

--------------------------------------------------
Developed with:

The Dumb Artist Library (TX Library)
TXLib [Ver: 00173a, Rev: 174, Date: 2025-08-17 06:00:49 +0400]
Copyright (C) Ded (Ilya Dedinsky, http://txlib.ru) <mail@txlib.ru>
See license on: http://txlib.ru

TXLib file:	C:\Users\Lenovo\Downloads\TX/TXLib.h
Compiled:	Apr  5 2026 13:51:50, GNU g++ 13.2.0, std=201703L, MinGW-W64 Runtime 11.0.1 (alpha - rev. 0) 0000-00-00, 64-bit, Release
Started:	Apr  5 2026 13:51:57

Run file:	C:\MIPT\proga\sem2\projects\mondelbrot\mandelbrot.exe
Directory:	C:\MIPT\proga\sem2\projects\mondelbrot

--------------------------------------------------

--------------------------------------------------
TXLib соболезнует...

Программа: C:\MIPT\proga\sem2\projects\mondelbrot\mandelbrot.exe,

ВНЕЗАПНО: signal (11, 0x00): SIGSEGV: Доступ по неверному указателю. Ставьте ассерты! 

Нарушение доступа к памяти.

#1: Исключение EXCEPTION_ACCESS_VIOLATION (0xC0000005) при выполнении кода по адресу 0x00007FF75848605C в функции main() в файле C:/MIPT/proga/sem2/projects/mondelbrot/main.cpp на строке 78. Попытка записать данные по адресу 0x000002AF7ADA5882 в модуле C:\MIPT\proga\sem2\projects\mondelbrot\mandelbrot.exe. Спасибо _txVectoredExceptionHandler(), что сообщил. Люблю его <3

С помощью функции signal() вы можете сами обработать эту ошибку.

#2: TXLib [Ver: 00173a, Rev: 174, Date: 2025-08-17 06:00:49 +0400], Instance: 0x00007FF7584C99A4 (64-bit), Flags: CMdRe0, Thread: 0x764 (Main). 

--------------------------------------------------
Стек вызовов:

# 0 0x00007FF75848605C in C:\MIPT\proga\sem2\projects\mondelbrot\mandelbrot.exe: main() at C:/MIPT/proga/sem2/projects/mondelbrot/main.cpp:80:

     78:                     videoMemBuffer[counterX + (-counterY + i + HEIGHT_WINDOW - 1) * WIDTH_WINDOW].rgbRed   = exitIndexes[i] % 113;
     79:                     videoMemBuffer[counterX + (-counterY + i + HEIGHT_WINDOW - 1) * WIDTH_WINDOW].rgbGreen = exitIndexes[i] % 128;
=>   80:                     videoMemBuffer[counterX + (-counterY + i + HEIGHT_WINDOW - 1) * WIDTH_WINDOW].rgbBlue  = exitIndexes[i] % 10;
     81:                 }
     82: 

--------------------------------------------------
Developed with:

The Dumb Artist Library (TX Library)
TXLib [Ver: 00173a, Rev: 174, Date: 2025-08-17 06:00:49 +0400]
Copyright (C) Ded (Ilya Dedinsky, http://txlib.ru) <mail@txlib.ru>
See license on: http://txlib.ru

TXLib file:	C:\Users\Lenovo\Downloads\TX/TXLib.h
Compiled:	Apr  5 2026 13:51:50, GNU g++ 13.2.0, std=201703L, MinGW-W64 Runtime 11.0.1 (alpha - rev. 0) 0000-00-00, 64-bit, Release
Started:	Apr  5 2026 13:51:57

Run file:	C:\MIPT\proga\sem2\projects\mondelbrot\mandelbrot.exe
Directory:	C:\MIPT\proga\sem2\projects\mondelbrot

--------------------------------------------------

--------------------------------------------------
TXLib предупреждает:

Программа: C:\MIPT\proga\sem2\projects\mondelbrot\mandelbrot.exe,

ВНЕЗАПНО: Переполнение при операции с плавающей точкой.

#1: Исключение EXCEPTION_FLT_OVERFLOW (0xC0000091) при выполнении кода по адресу 0x00007FF619E75EFC в функции main() в файле C:/MIPT/proga/sem2/projects/mondelbrot/main.cpp на строке 56 в модуле C:\MIPT\proga\sem2\projects\mondelbrot\mandelbrot.exe. Спасибо _txVectoredExceptionHandler(), что сообщил. Люблю его <3

#1: TXLib [Ver: 00173a, Rev: 174, Date: 2025-08-17 06:00:49 +0400], Instance: 0x00007FF619EB99A4 (64-bit), Flags: CMdRe0, Thread: 0x2C18 (Main). 

--------------------------------------------------
Стек вызовов:

# 0 0x00007FF619E75EFC in C:\MIPT\proga\sem2\projects\mondelbrot\mandelbrot.exe: main() at C:/MIPT/proga/sem2/projects/mondelbrot/main.cpp:62:

     60:                     float curComplexSquare[UNWRAP_NUMBER]   = {0.0}; for(int i = 0; i < UNWRAP_NUMBER; i++) curComplexSquare[i]     = curComplexReSquare[i] + curComplexImSquare[i];
     61: 
=>   62:                     int curComplexCmp[UNWRAP_NUMBER]        = {0};   for(int i = 0; i < UNWRAP_NUMBER; i++) if(curComplexSquare[i] < MAX_COMPLEX_NUM_SIZE) curComplexCmp[i] = 1;
     63: 
     64:                     int mask = 0;

--------------------------------------------------
Developed with:

The Dumb Artist Library (TX Library)
TXLib [Ver: 00173a, Rev: 174, Date: 2025-08-17 06:00:49 +0400]
Copyright (C) Ded (Ilya Dedinsky, http://txlib.ru) <mail@txlib.ru>
See license on: http://txlib.ru

TXLib file:	C:\Users\Lenovo\Downloads\TX/TXLib.h
Compiled:	Apr  5 2026 14:00:04, GNU g++ 13.2.0, std=201703L, MinGW-W64 Runtime 11.0.1 (alpha - rev. 0) 0000-00-00, 64-bit, Release
Started:	Apr  5 2026 14:00:11

Run file:	C:\MIPT\proga\sem2\projects\mondelbrot\mandelbrot.exe
Directory:	C:\MIPT\proga\sem2\projects\mondelbrot

--------------------------------------------------

--------------------------------------------------
TXLib соболезнует...

Программа: C:\MIPT\proga\sem2\projects\mondelbrot\mandelbrot.exe,

ВНЕЗАПНО: signal (8, 0x00): SIGFPE: Грубая ошибка в вычислениях. 

Переполнение при операции с плавающей точкой.

#1: Исключение EXCEPTION_FLT_OVERFLOW (0xC0000091) при выполнении кода по адресу 0x00007FF619E75EFC в функции main() в файле C:/MIPT/proga/sem2/projects/mondelbrot/main.cpp на строке 56 в модуле C:\MIPT\proga\sem2\projects\mondelbrot\mandelbrot.exe. Спасибо _txVectoredExceptionHandler(), что сообщил. Люблю его <3

С помощью функции signal() вы можете сами обработать эту ошибку.

#2: TXLib [Ver: 00173a, Rev: 174, Date: 2025-08-17 06:00:49 +0400], Instance: 0x00007FF619EB99A4 (64-bit), Flags: CMdRe0, Thread: 0x2C18 (Main). 

--------------------------------------------------
Стек вызовов:

# 0 0x00007FF619E75EFC in C:\MIPT\proga\sem2\projects\mondelbrot\mandelbrot.exe: main() at C:/MIPT/proga/sem2/projects/mondelbrot/main.cpp:62:

     60:                     float curComplexSquare[UNWRAP_NUMBER]   = {0.0}; for(int i = 0; i < UNWRAP_NUMBER; i++) curComplexSquare[i]     = curComplexReSquare[i] + curComplexImSquare[i];
     61: 
=>   62:                     int curComplexCmp[UNWRAP_NUMBER]        = {0};   for(int i = 0; i < UNWRAP_NUMBER; i++) if(curComplexSquare[i] < MAX_COMPLEX_NUM_SIZE) curComplexCmp[i] = 1;
     63: 
     64:                     int mask = 0;

--------------------------------------------------
Developed with:

The Dumb Artist Library (TX Library)
TXLib [Ver: 00173a, Rev: 174, Date: 2025-08-17 06:00:49 +0400]
Copyright (C) Ded (Ilya Dedinsky, http://txlib.ru) <mail@txlib.ru>
See license on: http://txlib.ru

TXLib file:	C:\Users\Lenovo\Downloads\TX/TXLib.h
Compiled:	Apr  5 2026 14:00:04, GNU g++ 13.2.0, std=201703L, MinGW-W64 Runtime 11.0.1 (alpha - rev. 0) 0000-00-00, 64-bit, Release
Started:	Apr  5 2026 14:00:11

Run file:	C:\MIPT\proga\sem2\projects\mondelbrot\mandelbrot.exe
Directory:	C:\MIPT\proga\sem2\projects\mondelbrot

--------------------------------------------------

--------------------------------------------------
TXLib предупреждает:

Программа: C:\MIPT\proga\sem2\projects\mondelbrot\mandelbrot.exe,

ВНЕЗАПНО: Переполнение при операции с плавающей точкой.

#1: Исключение EXCEPTION_FLT_OVERFLOW (0xC0000091) при выполнении кода по адресу 0x00007FF781B05E8C в функции main() в файле C:/MIPT/proga/sem2/projects/mondelbrot/main.cpp на строке 56 в модуле C:\MIPT\proga\sem2\projects\mondelbrot\mandelbrot.exe. Спасибо _txVectoredExceptionHandler(), что сообщил. Люблю его <3

#1: TXLib [Ver: 00173a, Rev: 174, Date: 2025-08-17 06:00:49 +0400], Instance: 0x00007FF781B499A4 (64-bit), Flags: CMdRe0, Thread: 0x302C (Main). 

--------------------------------------------------
Стек вызовов:

# 0 0x00007FF781B05E8C in C:\MIPT\proga\sem2\projects\mondelbrot\mandelbrot.exe: main() at C:/MIPT/proga/sem2/projects/mondelbrot/main.cpp:62:

     60:                     float curComplexSquare[UNWRAP_NUMBER]   = {0.0}; for(int i = 0; i < UNWRAP_NUMBER; i++) curComplexSquare[i]     = curComplexReSquare[i] + curComplexImSquare[i];
     61: 
=>   62:                     int curComplexCmp[UNWRAP_NUMBER]        = {0};   for(int i = 0; i < UNWRAP_NUMBER; i++) if(curComplexSquare[i] < MAX_COMPLEX_NUM_SIZE) curComplexCmp[i] = 1;
     63: 
     64:                     int mask = 0;

--------------------------------------------------
Developed with:

The Dumb Artist Library (TX Library)
TXLib [Ver: 00173a, Rev: 174, Date: 2025-08-17 06:00:49 +0400]
Copyright (C) Ded (Ilya Dedinsky, http://txlib.ru) <mail@txlib.ru>
See license on: http://txlib.ru

TXLib file:	C:\Users\Lenovo\Downloads\TX/TXLib.h
Compiled:	Apr  5 2026 14:02:33, GNU g++ 13.2.0, std=201703L, MinGW-W64 Runtime 11.0.1 (alpha - rev. 0) 0000-00-00, 64-bit, Release
Started:	Apr  5 2026 14:02:40

Run file:	C:\MIPT\proga\sem2\projects\mondelbrot\mandelbrot.exe
Directory:	C:\MIPT\proga\sem2\projects\mondelbrot

--------------------------------------------------

--------------------------------------------------
TXLib соболезнует...

Программа: C:\MIPT\proga\sem2\projects\mondelbrot\mandelbrot.exe,

ВНЕЗАПНО: signal (8, 0x00): SIGFPE: Грубая ошибка в вычислениях. 

Переполнение при операции с плавающей точкой.

#1: Исключение EXCEPTION_FLT_OVERFLOW (0xC0000091) при выполнении кода по адресу 0x00007FF781B05E8C в функции main() в файле C:/MIPT/proga/sem2/projects/mondelbrot/main.cpp на строке 56 в модуле C:\MIPT\proga\sem2\projects\mondelbrot\mandelbrot.exe. Спасибо _txVectoredExceptionHandler(), что сообщил. Люблю его <3

С помощью функции signal() вы можете сами обработать эту ошибку.

#2: TXLib [Ver: 00173a, Rev: 174, Date: 2025-08-17 06:00:49 +0400], Instance: 0x00007FF781B499A4 (64-bit), Flags: CMdRe0, Thread: 0x302C (Main). 

--------------------------------------------------
Стек вызовов:

# 0 0x00007FF781B05E8C in C:\MIPT\proga\sem2\projects\mondelbrot\mandelbrot.exe: main() at C:/MIPT/proga/sem2/projects/mondelbrot/main.cpp:62:

     60:                     float curComplexSquare[UNWRAP_NUMBER]   = {0.0}; for(int i = 0; i < UNWRAP_NUMBER; i++) curComplexSquare[i]     = curComplexReSquare[i] + curComplexImSquare[i];
     61: 
=>   62:                     int curComplexCmp[UNWRAP_NUMBER]        = {0};   for(int i = 0; i < UNWRAP_NUMBER; i++) if(curComplexSquare[i] < MAX_COMPLEX_NUM_SIZE) curComplexCmp[i] = 1;
     63: 
     64:                     int mask = 0;

--------------------------------------------------
Developed with:

The Dumb Artist Library (TX Library)
TXLib [Ver: 00173a, Rev: 174, Date: 2025-08-17 06:00:49 +0400]
Copyright (C) Ded (Ilya Dedinsky, http://txlib.ru) <mail@txlib.ru>
See license on: http://txlib.ru

TXLib file:	C:\Users\Lenovo\Downloads\TX/TXLib.h
Compiled:	Apr  5 2026 14:02:33, GNU g++ 13.2.0, std=201703L, MinGW-W64 Runtime 11.0.1 (alpha - rev. 0) 0000-00-00, 64-bit, Release
Started:	Apr  5 2026 14:02:40

Run file:	C:\MIPT\proga\sem2\projects\mondelbrot\mandelbrot.exe
Directory:	C:\MIPT\proga\sem2\projects\mondelbrot

--------------------------------------------------

--------------------------------------------------
TXLib предупреждает:

Программа: C:\MIPT\proga\sem2\projects\mondelbrot\mandelbrot.exe,

ВНЕЗАПНО: Переполнение при операции с плавающей точкой.

#1: Исключение EXCEPTION_FLT_OVERFLOW (0xC0000091) при выполнении кода по адресу 0x00007FF664E65EAA в функции main() в файле C:/MIPT/proga/sem2/projects/mondelbrot/main.cpp на строке 57 в модуле C:\MIPT\proga\sem2\projects\mondelbrot\mandelbrot.exe. Спасибо _txVectoredExceptionHandler(), что сообщил. Люблю его <3

#1: TXLib [Ver: 00173a, Rev: 174, Date: 2025-08-17 06:00:49 +0400], Instance: 0x00007FF664EA99A4 (64-bit), Flags: CMdRe0, Thread: 0xE6C (Main). 

--------------------------------------------------
Стек вызовов:

# 0 0x00007FF664E65EAA in C:\MIPT\proga\sem2\projects\mondelbrot\mandelbrot.exe: main() at C:/MIPT/proga/sem2/projects/mondelbrot/main.cpp:63:

     61:                         float curComplexSquare[UNWRAP_NUMBER]   = {0.0}; for(int i = 0; i < UNWRAP_NUMBER; i++) curComplexSquare[i]     = curComplexReSquare[i] + curComplexImSquare[i];
     62: 
=>   63:                         int curComplexCmp[UNWRAP_NUMBER]        = {0};   for(int i = 0; i < UNWRAP_NUMBER; i++) if(curComplexSquare[i] < MAX_COMPLEX_NUM_SIZE) curComplexCmp[i] = 1;
     64: 
     65:                         int mask = 0;

--------------------------------------------------
Developed with:

The Dumb Artist Library (TX Library)
TXLib [Ver: 00173a, Rev: 174, Date: 2025-08-17 06:00:49 +0400]
Copyright (C) Ded (Ilya Dedinsky, http://txlib.ru) <mail@txlib.ru>
See license on: http://txlib.ru

TXLib file:	C:\Users\Lenovo\Downloads\TX/TXLib.h
Compiled:	Apr  5 2026 14:04:03, GNU g++ 13.2.0, std=201703L, MinGW-W64 Runtime 11.0.1 (alpha - rev. 0) 0000-00-00, 64-bit, Release
Started:	Apr  5 2026 14:04:10

Run file:	C:\MIPT\proga\sem2\projects\mondelbrot\mandelbrot.exe
Directory:	C:\MIPT\proga\sem2\projects\mondelbrot

--------------------------------------------------

--------------------------------------------------
TXLib соболезнует...

Программа: C:\MIPT\proga\sem2\projects\mondelbrot\mandelbrot.exe,

ВНЕЗАПНО: signal (8, 0x00): SIGFPE: Грубая ошибка в вычислениях. 

Переполнение при операции с плавающей точкой.

#1: Исключение EXCEPTION_FLT_OVERFLOW (0xC0000091) при выполнении кода по адресу 0x00007FF664E65EAA в функции main() в файле C:/MIPT/proga/sem2/projects/mondelbrot/main.cpp на строке 57 в модуле C:\MIPT\proga\sem2\projects\mondelbrot\mandelbrot.exe. Спасибо _txVectoredExceptionHandler(), что сообщил. Люблю его <3

С помощью функции signal() вы можете сами обработать эту ошибку.

#2: TXLib [Ver: 00173a, Rev: 174, Date: 2025-08-17 06:00:49 +0400], Instance: 0x00007FF664EA99A4 (64-bit), Flags: CMdRe0, Thread: 0xE6C (Main). 

--------------------------------------------------
Стек вызовов:

# 0 0x00007FF664E65EAA in C:\MIPT\proga\sem2\projects\mondelbrot\mandelbrot.exe: main() at C:/MIPT/proga/sem2/projects/mondelbrot/main.cpp:63:

     61:                         float curComplexSquare[UNWRAP_NUMBER]   = {0.0}; for(int i = 0; i < UNWRAP_NUMBER; i++) curComplexSquare[i]     = curComplexReSquare[i] + curComplexImSquare[i];
     62: 
=>   63:                         int curComplexCmp[UNWRAP_NUMBER]        = {0};   for(int i = 0; i < UNWRAP_NUMBER; i++) if(curComplexSquare[i] < MAX_COMPLEX_NUM_SIZE) curComplexCmp[i] = 1;
     64: 
     65:                         int mask = 0;

--------------------------------------------------
Developed with:

The Dumb Artist Library (TX Library)
TXLib [Ver: 00173a, Rev: 174, Date: 2025-08-17 06:00:49 +0400]
Copyright (C) Ded (Ilya Dedinsky, http://txlib.ru) <mail@txlib.ru>
See license on: http://txlib.ru

TXLib file:	C:\Users\Lenovo\Downloads\TX/TXLib.h
Compiled:	Apr  5 2026 14:04:03, GNU g++ 13.2.0, std=201703L, MinGW-W64 Runtime 11.0.1 (alpha - rev. 0) 0000-00-00, 64-bit, Release
Started:	Apr  5 2026 14:04:10

Run file:	C:\MIPT\proga\sem2\projects\mondelbrot\mandelbrot.exe
Directory:	C:\MIPT\proga\sem2\projects\mondelbrot

--------------------------------------------------

--------------------------------------------------
TXLib предупреждает:

Программа: C:\MIPT\proga\sem2\projects\mondelbrot\mandelbrot.exe,

ВНЕЗАПНО: Переполнение при операции с плавающей точкой.

#1: Исключение EXCEPTION_FLT_OVERFLOW (0xC0000091) при выполнении кода по адресу 0x00007FF69F3D5F3A в функции main() в файле C:/MIPT/proga/sem2/projects/mondelbrot/main.cpp на строке 57 в модуле C:\MIPT\proga\sem2\projects\mondelbrot\mandelbrot.exe. Спасибо _txVectoredExceptionHandler(), что сообщил. Люблю его <3

#1: TXLib [Ver: 00173a, Rev: 174, Date: 2025-08-17 06:00:49 +0400], Instance: 0x00007FF69F4199A4 (64-bit), Flags: CMdRe0, Thread: 0x5D0C (Main). 

--------------------------------------------------
Стек вызовов:

# 0 0x00007FF69F3D5F3A in C:\MIPT\proga\sem2\projects\mondelbrot\mandelbrot.exe: main() at C:/MIPT/proga/sem2/projects/mondelbrot/main.cpp:63:

     61:                         float curComplexSquare[UNWRAP_NUMBER]   = {0.0}; for(int i = 0; i < UNWRAP_NUMBER; i++) curComplexSquare[i]     = curComplexReSquare[i] + curComplexImSquare[i];
     62: 
=>   63:                         int curComplexCmp[UNWRAP_NUMBER]        = {0};   for(int i = 0; i < UNWRAP_NUMBER; i++) if(curComplexSquare[i] < MAX_COMPLEX_NUM_SIZE) curComplexCmp[i] = 1;
     64: 
     65:                         int mask = 0;

--------------------------------------------------
Developed with:

The Dumb Artist Library (TX Library)
TXLib [Ver: 00173a, Rev: 174, Date: 2025-08-17 06:00:49 +0400]
Copyright (C) Ded (Ilya Dedinsky, http://txlib.ru) <mail@txlib.ru>
See license on: http://txlib.ru

TXLib file:	C:\Users\Lenovo\Downloads\TX/TXLib.h
Compiled:	Apr  5 2026 14:04:58, GNU g++ 13.2.0, std=201703L, MinGW-W64 Runtime 11.0.1 (alpha - rev. 0) 0000-00-00, 64-bit, Release
Started:	Apr  5 2026 14:05:05

Run file:	C:\MIPT\proga\sem2\projects\mondelbrot\mandelbrot.exe
Directory:	C:\MIPT\proga\sem2\projects\mondelbrot

--------------------------------------------------

--------------------------------------------------
TXLib соболезнует...

Программа: C:\MIPT\proga\sem2\projects\mondelbrot\mandelbrot.exe,

ВНЕЗАПНО: signal (8, 0x00): SIGFPE: Грубая ошибка в вычислениях. 

Переполнение при операции с плавающей точкой.

#1: Исключение EXCEPTION_FLT_OVERFLOW (0xC0000091) при выполнении кода по адресу 0x00007FF69F3D5F3A в функции main() в файле C:/MIPT/proga/sem2/projects/mondelbrot/main.cpp на строке 57 в модуле C:\MIPT\proga\sem2\projects\mondelbrot\mandelbrot.exe. Спасибо _txVectoredExceptionHandler(), что сообщил. Люблю его <3

С помощью функции signal() вы можете сами обработать эту ошибку.

#2: TXLib [Ver: 00173a, Rev: 174, Date: 2025-08-17 06:00:49 +0400], Instance: 0x00007FF69F4199A4 (64-bit), Flags: CMdRe0, Thread: 0x5D0C (Main). 

--------------------------------------------------
Стек вызовов:

# 0 0x00007FF69F3D5F3A in C:\MIPT\proga\sem2\projects\mondelbrot\mandelbrot.exe: main() at C:/MIPT/proga/sem2/projects/mondelbrot/main.cpp:63:

     61:                         float curComplexSquare[UNWRAP_NUMBER]   = {0.0}; for(int i = 0; i < UNWRAP_NUMBER; i++) curComplexSquare[i]     = curComplexReSquare[i] + curComplexImSquare[i];
     62: 
=>   63:                         int curComplexCmp[UNWRAP_NUMBER]        = {0};   for(int i = 0; i < UNWRAP_NUMBER; i++) if(curComplexSquare[i] < MAX_COMPLEX_NUM_SIZE) curComplexCmp[i] = 1;
     64: 
     65:                         int mask = 0;

--------------------------------------------------
Developed with:

The Dumb Artist Library (TX Library)
TXLib [Ver: 00173a, Rev: 174, Date: 2025-08-17 06:00:49 +0400]
Copyright (C) Ded (Ilya Dedinsky, http://txlib.ru) <mail@txlib.ru>
See license on: http://txlib.ru

TXLib file:	C:\Users\Lenovo\Downloads\TX/TXLib.h
Compiled:	Apr  5 2026 14:04:58, GNU g++ 13.2.0, std=201703L, MinGW-W64 Runtime 11.0.1 (alpha - rev. 0) 0000-00-00, 64-bit, Release
Started:	Apr  5 2026 14:05:05

Run file:	C:\MIPT\proga\sem2\projects\mondelbrot\mandelbrot.exe
Directory:	C:\MIPT\proga\sem2\projects\mondelbrot

--------------------------------------------------

--------------------------------------------------
TXLib предупреждает:

Программа: C:\MIPT\proga\sem2\projects\mondelbrot\mandelbrot.exe,

ВНЕЗАПНО: Переполнение при операции с плавающей точкой.

#1: Исключение EXCEPTION_FLT_OVERFLOW (0xC0000091) при выполнении кода по адресу 0x00007FF706A15EAA в функции main() в файле C:/MIPT/proga/sem2/projects/mondelbrot/main.cpp на строке 57 в модуле C:\MIPT\proga\sem2\projects\mondelbrot\mandelbrot.exe. Спасибо _txVectoredExceptionHandler(), что сообщил. Люблю его <3

#1: TXLib [Ver: 00173a, Rev: 174, Date: 2025-08-17 06:00:49 +0400], Instance: 0x00007FF706A599A4 (64-bit), Flags: CMdRe0, Thread: 0x5E1C (Main). 

--------------------------------------------------
Стек вызовов:

# 0 0x00007FF706A15EAA in C:\MIPT\proga\sem2\projects\mondelbrot\mandelbrot.exe: main() at C:/MIPT/proga/sem2/projects/mondelbrot/main.cpp:63:

     61:                         float curComplexSquare[UNWRAP_NUMBER]   = {0.0}; for(int i = 0; i < UNWRAP_NUMBER; i++) curComplexSquare[i]     = curComplexReSquare[i] + curComplexImSquare[i];
     62: 
=>   63:                         int curComplexCmp[UNWRAP_NUMBER]        = {0};   for(int i = 0; i < UNWRAP_NUMBER; i++) if(curComplexSquare[i] < MAX_COMPLEX_NUM_SIZE) curComplexCmp[i] = 1;
     64: 
     65:                         int mask = 0;

--------------------------------------------------
Developed with:

The Dumb Artist Library (TX Library)
TXLib [Ver: 00173a, Rev: 174, Date: 2025-08-17 06:00:49 +0400]
Copyright (C) Ded (Ilya Dedinsky, http://txlib.ru) <mail@txlib.ru>
See license on: http://txlib.ru

TXLib file:	C:\Users\Lenovo\Downloads\TX/TXLib.h
Compiled:	Apr  5 2026 14:05:53, GNU g++ 13.2.0, std=201703L, MinGW-W64 Runtime 11.0.1 (alpha - rev. 0) 0000-00-00, 64-bit, Release
Started:	Apr  5 2026 14:06:00

Run file:	C:\MIPT\proga\sem2\projects\mondelbrot\mandelbrot.exe
Directory:	C:\MIPT\proga\sem2\projects\mondelbrot

--------------------------------------------------

--------------------------------------------------
TXLib соболезнует...

Программа: C:\MIPT\proga\sem2\projects\mondelbrot\mandelbrot.exe,

ВНЕЗАПНО: signal (8, 0x00): SIGFPE: Грубая ошибка в вычислениях. 

Переполнение при операции с плавающей точкой.

#1: Исключение EXCEPTION_FLT_OVERFLOW (0xC0000091) при выполнении кода по адресу 0x00007FF706A15EAA в функции main() в файле C:/MIPT/proga/sem2/projects/mondelbrot/main.cpp на строке 57 в модуле C:\MIPT\proga\sem2\projects\mondelbrot\mandelbrot.exe. Спасибо _txVectoredExceptionHandler(), что сообщил. Люблю его <3

С помощью функции signal() вы можете сами обработать эту ошибку.

#2: TXLib [Ver: 00173a, Rev: 174, Date: 2025-08-17 06:00:49 +0400], Instance: 0x00007FF706A599A4 (64-bit), Flags: CMdRe0, Thread: 0x5E1C (Main). 

--------------------------------------------------
Стек вызовов:

# 0 0x00007FF706A15EAA in C:\MIPT\proga\sem2\projects\mondelbrot\mandelbrot.exe: main() at C:/MIPT/proga/sem2/projects/mondelbrot/main.cpp:63:

     61:                         float curComplexSquare[UNWRAP_NUMBER]   = {0.0}; for(int i = 0; i < UNWRAP_NUMBER; i++) curComplexSquare[i]     = curComplexReSquare[i] + curComplexImSquare[i];
     62: 
=>   63:                         int curComplexCmp[UNWRAP_NUMBER]        = {0};   for(int i = 0; i < UNWRAP_NUMBER; i++) if(curComplexSquare[i] < MAX_COMPLEX_NUM_SIZE) curComplexCmp[i] = 1;
     64: 
     65:                         int mask = 0;

--------------------------------------------------
Developed with:

The Dumb Artist Library (TX Library)
TXLib [Ver: 00173a, Rev: 174, Date: 2025-08-17 06:00:49 +0400]
Copyright (C) Ded (Ilya Dedinsky, http://txlib.ru) <mail@txlib.ru>
See license on: http://txlib.ru

TXLib file:	C:\Users\Lenovo\Downloads\TX/TXLib.h
Compiled:	Apr  5 2026 14:05:53, GNU g++ 13.2.0, std=201703L, MinGW-W64 Runtime 11.0.1 (alpha - rev. 0) 0000-00-00, 64-bit, Release
Started:	Apr  5 2026 14:06:00

Run file:	C:\MIPT\proga\sem2\projects\mondelbrot\mandelbrot.exe
Directory:	C:\MIPT\proga\sem2\projects\mondelbrot

--------------------------------------------------

--------------------------------------------------
TXLib предупреждает:

Программа: C:\MIPT\proga\sem2\projects\mondelbrot\mandelbrot.exe,

ВНЕЗАПНО: Переполнение при операции с плавающей точкой.

#1: Исключение EXCEPTION_FLT_OVERFLOW (0xC0000091) при выполнении кода по адресу 0x00007FF6D9415EAA в функции main() в файле C:/MIPT/proga/sem2/projects/mondelbrot/main.cpp на строке 57 в модуле C:\MIPT\proga\sem2\projects\mondelbrot\mandelbrot.exe. Спасибо _txVectoredExceptionHandler(), что сообщил. Люблю его <3

#1: TXLib [Ver: 00173a, Rev: 174, Date: 2025-08-17 06:00:49 +0400], Instance: 0x00007FF6D94599A4 (64-bit), Flags: CMdRe0, Thread: 0x1A50 (Main). 

--------------------------------------------------
Стек вызовов:

# 0 0x00007FF6D9415EAA in C:\MIPT\proga\sem2\projects\mondelbrot\mandelbrot.exe: main() at C:/MIPT/proga/sem2/projects/mondelbrot/main.cpp:63:

     61:                         float curComplexSquare[UNWRAP_NUMBER]   = {0.0}; for(int i = 0; i < UNWRAP_NUMBER; i++) curComplexSquare[i]     = curComplexReSquare[i] + curComplexImSquare[i];
     62: 
=>   63:                         int curComplexCmp[UNWRAP_NUMBER]        = {0};   for(int i = 0; i < UNWRAP_NUMBER; i++) if(curComplexSquare[i] < MAX_COMPLEX_NUM_SIZE) curComplexCmp[i] = 1;
     64: 
     65:                         int mask = 0;

--------------------------------------------------
Developed with:

The Dumb Artist Library (TX Library)
TXLib [Ver: 00173a, Rev: 174, Date: 2025-08-17 06:00:49 +0400]
Copyright (C) Ded (Ilya Dedinsky, http://txlib.ru) <mail@txlib.ru>
See license on: http://txlib.ru

TXLib file:	C:\Users\Lenovo\Downloads\TX/TXLib.h
Compiled:	Apr  5 2026 14:07:02, GNU g++ 13.2.0, std=201703L, MinGW-W64 Runtime 11.0.1 (alpha - rev. 0) 0000-00-00, 64-bit, Release
Started:	Apr  5 2026 14:07:09

Run file:	C:\MIPT\proga\sem2\projects\mondelbrot\mandelbrot.exe
Directory:	C:\MIPT\proga\sem2\projects\mondelbrot

--------------------------------------------------

--------------------------------------------------
TXLib соболезнует...

Программа: C:\MIPT\proga\sem2\projects\mondelbrot\mandelbrot.exe,

ВНЕЗАПНО: signal (8, 0x00): SIGFPE: Грубая ошибка в вычислениях. 

Переполнение при операции с плавающей точкой.

#1: Исключение EXCEPTION_FLT_OVERFLOW (0xC0000091) при выполнении кода по адресу 0x00007FF6D9415EAA в функции main() в файле C:/MIPT/proga/sem2/projects/mondelbrot/main.cpp на строке 57 в модуле C:\MIPT\proga\sem2\projects\mondelbrot\mandelbrot.exe. Спасибо _txVectoredExceptionHandler(), что сообщил. Люблю его <3

С помощью функции signal() вы можете сами обработать эту ошибку.

#2: TXLib [Ver: 00173a, Rev: 174, Date: 2025-08-17 06:00:49 +0400], Instance: 0x00007FF6D94599A4 (64-bit), Flags: CMdRe0, Thread: 0x1A50 (Main). 

--------------------------------------------------
Стек вызовов:

# 0 0x00007FF6D9415EAA in C:\MIPT\proga\sem2\projects\mondelbrot\mandelbrot.exe: main() at C:/MIPT/proga/sem2/projects/mondelbrot/main.cpp:63:

     61:                         float curComplexSquare[UNWRAP_NUMBER]   = {0.0}; for(int i = 0; i < UNWRAP_NUMBER; i++) curComplexSquare[i]     = curComplexReSquare[i] + curComplexImSquare[i];
     62: 
=>   63:                         int curComplexCmp[UNWRAP_NUMBER]        = {0};   for(int i = 0; i < UNWRAP_NUMBER; i++) if(curComplexSquare[i] < MAX_COMPLEX_NUM_SIZE) curComplexCmp[i] = 1;
     64: 
     65:                         int mask = 0;

--------------------------------------------------
Developed with:

The Dumb Artist Library (TX Library)
TXLib [Ver: 00173a, Rev: 174, Date: 2025-08-17 06:00:49 +0400]
Copyright (C) Ded (Ilya Dedinsky, http://txlib.ru) <mail@txlib.ru>
See license on: http://txlib.ru

TXLib file:	C:\Users\Lenovo\Downloads\TX/TXLib.h
Compiled:	Apr  5 2026 14:07:02, GNU g++ 13.2.0, std=201703L, MinGW-W64 Runtime 11.0.1 (alpha - rev. 0) 0000-00-00, 64-bit, Release
Started:	Apr  5 2026 14:07:09

Run file:	C:\MIPT\proga\sem2\projects\mondelbrot\mandelbrot.exe
Directory:	C:\MIPT\proga\sem2\projects\mondelbrot

--------------------------------------------------

--------------------------------------------------
TXLib предупреждает:

Программа: C:\MIPT\proga\sem2\projects\mondelbrot\mandelbrot.exe,

ВНЕЗАПНО: Переполнение при операции с плавающей точкой.

#1: Исключение EXCEPTION_FLT_OVERFLOW (0xC0000091) при выполнении кода по адресу 0x00007FF66CC75EAA в функции main() в файле C:/MIPT/proga/sem2/projects/mondelbrot/main.cpp на строке 57 в модуле C:\MIPT\proga\sem2\projects\mondelbrot\mandelbrot.exe. Спасибо _txVectoredExceptionHandler(), что сообщил. Люблю его <3

#1: TXLib [Ver: 00173a, Rev: 174, Date: 2025-08-17 06:00:49 +0400], Instance: 0x00007FF66CCB99A4 (64-bit), Flags: CMdRe0, Thread: 0x67B4 (Main). 

--------------------------------------------------
Стек вызовов:

# 0 0x00007FF66CC75EAA in C:\MIPT\proga\sem2\projects\mondelbrot\mandelbrot.exe: main() at C:/MIPT/proga/sem2/projects/mondelbrot/main.cpp:63:

     61:                         float curComplexSquare[UNWRAP_NUMBER]   = {0.0}; for(int i = 0; i < UNWRAP_NUMBER; i++) curComplexSquare[i]     = curComplexReSquare[i] + curComplexImSquare[i];
     62: 
=>   63:                         int curComplexCmp[UNWRAP_NUMBER]        = {0};   for(int i = 0; i < UNWRAP_NUMBER; i++) if(curComplexSquare[i] < MAX_COMPLEX_NUM_SIZE) curComplexCmp[i] = 1;
     64: 
     65:                         int mask = 0;

--------------------------------------------------
Developed with:

The Dumb Artist Library (TX Library)
TXLib [Ver: 00173a, Rev: 174, Date: 2025-08-17 06:00:49 +0400]
Copyright (C) Ded (Ilya Dedinsky, http://txlib.ru) <mail@txlib.ru>
See license on: http://txlib.ru

TXLib file:	C:\Users\Lenovo\Downloads\TX/TXLib.h
Compiled:	Apr  5 2026 14:08:37, GNU g++ 13.2.0, std=201703L, MinGW-W64 Runtime 11.0.1 (alpha - rev. 0) 0000-00-00, 64-bit, Release
Started:	Apr  5 2026 14:08:45

Run file:	C:\MIPT\proga\sem2\projects\mondelbrot\mandelbrot.exe
Directory:	C:\MIPT\proga\sem2\projects\mondelbrot

--------------------------------------------------

--------------------------------------------------
TXLib соболезнует...

Программа: C:\MIPT\proga\sem2\projects\mondelbrot\mandelbrot.exe,

ВНЕЗАПНО: signal (8, 0x00): SIGFPE: Грубая ошибка в вычислениях. 

Переполнение при операции с плавающей точкой.

#1: Исключение EXCEPTION_FLT_OVERFLOW (0xC0000091) при выполнении кода по адресу 0x00007FF66CC75EAA в функции main() в файле C:/MIPT/proga/sem2/projects/mondelbrot/main.cpp на строке 57 в модуле C:\MIPT\proga\sem2\projects\mondelbrot\mandelbrot.exe. Спасибо _txVectoredExceptionHandler(), что сообщил. Люблю его <3

С помощью функции signal() вы можете сами обработать эту ошибку.

#2: TXLib [Ver: 00173a, Rev: 174, Date: 2025-08-17 06:00:49 +0400], Instance: 0x00007FF66CCB99A4 (64-bit), Flags: CMdRe0, Thread: 0x67B4 (Main). 

--------------------------------------------------
Стек вызовов:

# 0 0x00007FF66CC75EAA in C:\MIPT\proga\sem2\projects\mondelbrot\mandelbrot.exe: main() at C:/MIPT/proga/sem2/projects/mondelbrot/main.cpp:63:

     61:                         float curComplexSquare[UNWRAP_NUMBER]   = {0.0}; for(int i = 0; i < UNWRAP_NUMBER; i++) curComplexSquare[i]     = curComplexReSquare[i] + curComplexImSquare[i];
     62: 
=>   63:                         int curComplexCmp[UNWRAP_NUMBER]        = {0};   for(int i = 0; i < UNWRAP_NUMBER; i++) if(curComplexSquare[i] < MAX_COMPLEX_NUM_SIZE) curComplexCmp[i] = 1;
     64: 
     65:                         int mask = 0;

--------------------------------------------------
Developed with:

The Dumb Artist Library (TX Library)
TXLib [Ver: 00173a, Rev: 174, Date: 2025-08-17 06:00:49 +0400]
Copyright (C) Ded (Ilya Dedinsky, http://txlib.ru) <mail@txlib.ru>
See license on: http://txlib.ru

TXLib file:	C:\Users\Lenovo\Downloads\TX/TXLib.h
Compiled:	Apr  5 2026 14:08:37, GNU g++ 13.2.0, std=201703L, MinGW-W64 Runtime 11.0.1 (alpha - rev. 0) 0000-00-00, 64-bit, Release
Started:	Apr  5 2026 14:08:45

Run file:	C:\MIPT\proga\sem2\projects\mondelbrot\mandelbrot.exe
Directory:	C:\MIPT\proga\sem2\projects\mondelbrot

--------------------------------------------------

--------------------------------------------------
TXLib предупреждает:

Программа: C:\MIPT\proga\sem2\projects\mondelbrot\mandelbrot.exe,

ВНЕЗАПНО: Переполнение при операции с плавающей точкой.

#1: Исключение EXCEPTION_FLT_OVERFLOW (0xC0000091) при выполнении кода по адресу 0x00007FF76AB75ED1 в функции main() в файле C:/MIPT/proga/sem2/projects/mondelbrot/main.cpp на строке 57 в модуле C:\MIPT\proga\sem2\projects\mondelbrot\mandelbrot.exe. Спасибо _txVectoredExceptionHandler(), что сообщил. Люблю его <3

#1: TXLib [Ver: 00173a, Rev: 174, Date: 2025-08-17 06:00:49 +0400], Instance: 0x00007FF76ABB99A4 (64-bit), Flags: CMdRe0, Thread: 0x1210 (Main). 

--------------------------------------------------
Стек вызовов:

# 0 0x00007FF76AB75ED1 in C:\MIPT\proga\sem2\projects\mondelbrot\mandelbrot.exe: main() at C:/MIPT/proga/sem2/projects/mondelbrot/main.cpp:63:

     61:                         double curComplexSquare[UNWRAP_NUMBER]   = {0.0}; for(int i = 0; i < UNWRAP_NUMBER; i++) curComplexSquare[i]     = curComplexReSquare[i] + curComplexImSquare[i];
     62: 
=>   63:                         int curComplexCmp[UNWRAP_NUMBER]        = {0};   for(int i = 0; i < UNWRAP_NUMBER; i++) if(curComplexSquare[i] < MAX_COMPLEX_NUM_SIZE) curComplexCmp[i] = 1;
     64: 
     65:                         int mask = 0;

--------------------------------------------------
Developed with:

The Dumb Artist Library (TX Library)
TXLib [Ver: 00173a, Rev: 174, Date: 2025-08-17 06:00:49 +0400]
Copyright (C) Ded (Ilya Dedinsky, http://txlib.ru) <mail@txlib.ru>
See license on: http://txlib.ru

TXLib file:	C:\Users\Lenovo\Downloads\TX/TXLib.h
Compiled:	Apr  5 2026 14:09:15, GNU g++ 13.2.0, std=201703L, MinGW-W64 Runtime 11.0.1 (alpha - rev. 0) 0000-00-00, 64-bit, Release
Started:	Apr  5 2026 14:09:22

Run file:	C:\MIPT\proga\sem2\projects\mondelbrot\mandelbrot.exe
Directory:	C:\MIPT\proga\sem2\projects\mondelbrot

--------------------------------------------------

--------------------------------------------------
TXLib соболезнует...

Программа: C:\MIPT\proga\sem2\projects\mondelbrot\mandelbrot.exe,

ВНЕЗАПНО: signal (8, 0x00): SIGFPE: Грубая ошибка в вычислениях. 

Переполнение при операции с плавающей точкой.

#1: Исключение EXCEPTION_FLT_OVERFLOW (0xC0000091) при выполнении кода по адресу 0x00007FF76AB75ED1 в функции main() в файле C:/MIPT/proga/sem2/projects/mondelbrot/main.cpp на строке 57 в модуле C:\MIPT\proga\sem2\projects\mondelbrot\mandelbrot.exe. Спасибо _txVectoredExceptionHandler(), что сообщил. Люблю его <3

С помощью функции signal() вы можете сами обработать эту ошибку.

#2: TXLib [Ver: 00173a, Rev: 174, Date: 2025-08-17 06:00:49 +0400], Instance: 0x00007FF76ABB99A4 (64-bit), Flags: CMdRe0, Thread: 0x1210 (Main). 

--------------------------------------------------
Стек вызовов:

# 0 0x00007FF76AB75ED1 in C:\MIPT\proga\sem2\projects\mondelbrot\mandelbrot.exe: main() at C:/MIPT/proga/sem2/projects/mondelbrot/main.cpp:63:

     61:                         double curComplexSquare[UNWRAP_NUMBER]   = {0.0}; for(int i = 0; i < UNWRAP_NUMBER; i++) curComplexSquare[i]     = curComplexReSquare[i] + curComplexImSquare[i];
     62: 
=>   63:                         int curComplexCmp[UNWRAP_NUMBER]        = {0};   for(int i = 0; i < UNWRAP_NUMBER; i++) if(curComplexSquare[i] < MAX_COMPLEX_NUM_SIZE) curComplexCmp[i] = 1;
     64: 
     65:                         int mask = 0;

--------------------------------------------------
Developed with:

The Dumb Artist Library (TX Library)
TXLib [Ver: 00173a, Rev: 174, Date: 2025-08-17 06:00:49 +0400]
Copyright (C) Ded (Ilya Dedinsky, http://txlib.ru) <mail@txlib.ru>
See license on: http://txlib.ru

TXLib file:	C:\Users\Lenovo\Downloads\TX/TXLib.h
Compiled:	Apr  5 2026 14:09:15, GNU g++ 13.2.0, std=201703L, MinGW-W64 Runtime 11.0.1 (alpha - rev. 0) 0000-00-00, 64-bit, Release
Started:	Apr  5 2026 14:09:22

Run file:	C:\MIPT\proga\sem2\projects\mondelbrot\mandelbrot.exe
Directory:	C:\MIPT\proga\sem2\projects\mondelbrot

--------------------------------------------------

--------------------------------------------------
TXLib предупреждает:

Программа: C:\MIPT\proga\sem2\projects\mondelbrot\mandelbrot.exe,

ВНЕЗАПНО: Переполнение при операции с плавающей точкой.

#1: Исключение EXCEPTION_FLT_OVERFLOW (0xC0000091) при выполнении кода по адресу 0x00007FF7D7645EAA в функции main() в файле C:/MIPT/proga/sem2/projects/mondelbrot/main.cpp на строке 57 в модуле C:\MIPT\proga\sem2\projects\mondelbrot\mandelbrot.exe. Спасибо _txVectoredExceptionHandler(), что сообщил. Люблю его <3

#1: TXLib [Ver: 00173a, Rev: 174, Date: 2025-08-17 06:00:49 +0400], Instance: 0x00007FF7D76899A4 (64-bit), Flags: CMdRe0, Thread: 0x1084 (Main). 

--------------------------------------------------
Стек вызовов:

# 0 0x00007FF7D7645EAA in C:\MIPT\proga\sem2\projects\mondelbrot\mandelbrot.exe: main() at C:/MIPT/proga/sem2/projects/mondelbrot/main.cpp:63:

     61:                         float curComplexSquare[UNWRAP_NUMBER]   = {0.0}; for(int i = 0; i < UNWRAP_NUMBER; i++) curComplexSquare[i]     = curComplexReSquare[i] + curComplexImSquare[i];
     62: 
=>   63:                         int curComplexCmp[UNWRAP_NUMBER]        = {0};   for(int i = 0; i < UNWRAP_NUMBER; i++) if(curComplexSquare[i] < MAX_COMPLEX_NUM_SIZE) curComplexCmp[i] = 1;
     64: 
     65:                         int mask = 0;

--------------------------------------------------
Developed with:

The Dumb Artist Library (TX Library)
TXLib [Ver: 00173a, Rev: 174, Date: 2025-08-17 06:00:49 +0400]
Copyright (C) Ded (Ilya Dedinsky, http://txlib.ru) <mail@txlib.ru>
See license on: http://txlib.ru

TXLib file:	C:\Users\Lenovo\Downloads\TX/TXLib.h
Compiled:	Apr  5 2026 14:10:22, GNU g++ 13.2.0, std=201703L, MinGW-W64 Runtime 11.0.1 (alpha - rev. 0) 0000-00-00, 64-bit, Release
Started:	Apr  5 2026 14:10:29

Run file:	C:\MIPT\proga\sem2\projects\mondelbrot\mandelbrot.exe
Directory:	C:\MIPT\proga\sem2\projects\mondelbrot

--------------------------------------------------

--------------------------------------------------
TXLib соболезнует...

Программа: C:\MIPT\proga\sem2\projects\mondelbrot\mandelbrot.exe,

ВНЕЗАПНО: signal (8, 0x00): SIGFPE: Грубая ошибка в вычислениях. 

Переполнение при операции с плавающей точкой.

#1: Исключение EXCEPTION_FLT_OVERFLOW (0xC0000091) при выполнении кода по адресу 0x00007FF7D7645EAA в функции main() в файле C:/MIPT/proga/sem2/projects/mondelbrot/main.cpp на строке 57 в модуле C:\MIPT\proga\sem2\projects\mondelbrot\mandelbrot.exe. Спасибо _txVectoredExceptionHandler(), что сообщил. Люблю его <3

С помощью функции signal() вы можете сами обработать эту ошибку.

#2: TXLib [Ver: 00173a, Rev: 174, Date: 2025-08-17 06:00:49 +0400], Instance: 0x00007FF7D76899A4 (64-bit), Flags: CMdRe0, Thread: 0x1084 (Main). 

--------------------------------------------------
Стек вызовов:

# 0 0x00007FF7D7645EAA in C:\MIPT\proga\sem2\projects\mondelbrot\mandelbrot.exe: main() at C:/MIPT/proga/sem2/projects/mondelbrot/main.cpp:63:

     61:                         float curComplexSquare[UNWRAP_NUMBER]   = {0.0}; for(int i = 0; i < UNWRAP_NUMBER; i++) curComplexSquare[i]     = curComplexReSquare[i] + curComplexImSquare[i];
     62: 
=>   63:                         int curComplexCmp[UNWRAP_NUMBER]        = {0};   for(int i = 0; i < UNWRAP_NUMBER; i++) if(curComplexSquare[i] < MAX_COMPLEX_NUM_SIZE) curComplexCmp[i] = 1;
     64: 
     65:                         int mask = 0;

--------------------------------------------------
Developed with:

The Dumb Artist Library (TX Library)
TXLib [Ver: 00173a, Rev: 174, Date: 2025-08-17 06:00:49 +0400]
Copyright (C) Ded (Ilya Dedinsky, http://txlib.ru) <mail@txlib.ru>
See license on: http://txlib.ru

TXLib file:	C:\Users\Lenovo\Downloads\TX/TXLib.h
Compiled:	Apr  5 2026 14:10:22, GNU g++ 13.2.0, std=201703L, MinGW-W64 Runtime 11.0.1 (alpha - rev. 0) 0000-00-00, 64-bit, Release
Started:	Apr  5 2026 14:10:29

Run file:	C:\MIPT\proga\sem2\projects\mondelbrot\mandelbrot.exe
Directory:	C:\MIPT\proga\sem2\projects\mondelbrot

--------------------------------------------------

--------------------------------------------------
TXLib предупреждает:

Программа: C:\MIPT\proga\sem2\projects\mondelbrot\mandelbrot.exe,

ВНЕЗАПНО: Переполнение при операции с плавающей точкой.

#1: Исключение EXCEPTION_FLT_OVERFLOW (0xC0000091) при выполнении кода по адресу 0x00007FF718B65EAA в функции main() в файле C:/MIPT/proga/sem2/projects/mondelbrot/main.cpp на строке 57 в модуле C:\MIPT\proga\sem2\projects\mondelbrot\mandelbrot.exe. Спасибо _txVectoredExceptionHandler(), что сообщил. Люблю его <3

#1: TXLib [Ver: 00173a, Rev: 174, Date: 2025-08-17 06:00:49 +0400], Instance: 0x00007FF718BA99A4 (64-bit), Flags: CMdRe0, Thread: 0x625C (Main). 

--------------------------------------------------
Стек вызовов:

# 0 0x00007FF718B65EAA in C:\MIPT\proga\sem2\projects\mondelbrot\mandelbrot.exe: main() at C:/MIPT/proga/sem2/projects/mondelbrot/main.cpp:63:

     61:                         float curComplexSquare[UNWRAP_NUMBER]   = {0.0}; for(int i = 0; i < UNWRAP_NUMBER; i++) curComplexSquare[i]     = curComplexReSquare[i] + curComplexImSquare[i];
     62: 
=>   63:                         int curComplexCmp[UNWRAP_NUMBER]        = {0};   for(int i = 0; i < UNWRAP_NUMBER; i++) if(curComplexSquare[i] < MAX_COMPLEX_NUM_SIZE) curComplexCmp[i] = 1;
     64: 
     65:                         int mask = 0;

--------------------------------------------------
Developed with:

The Dumb Artist Library (TX Library)
TXLib [Ver: 00173a, Rev: 174, Date: 2025-08-17 06:00:49 +0400]
Copyright (C) Ded (Ilya Dedinsky, http://txlib.ru) <mail@txlib.ru>
See license on: http://txlib.ru

TXLib file:	C:\Users\Lenovo\Downloads\TX/TXLib.h
Compiled:	Apr  5 2026 14:14:59, GNU g++ 13.2.0, std=201703L, MinGW-W64 Runtime 11.0.1 (alpha - rev. 0) 0000-00-00, 64-bit, Release
Started:	Apr  5 2026 14:15:06

Run file:	C:\MIPT\proga\sem2\projects\mondelbrot\mandelbrot.exe
Directory:	C:\MIPT\proga\sem2\projects\mondelbrot

--------------------------------------------------

--------------------------------------------------
TXLib соболезнует...

Программа: C:\MIPT\proga\sem2\projects\mondelbrot\mandelbrot.exe,

ВНЕЗАПНО: signal (8, 0x00): SIGFPE: Грубая ошибка в вычислениях. 

Переполнение при операции с плавающей точкой.

#1: Исключение EXCEPTION_FLT_OVERFLOW (0xC0000091) при выполнении кода по адресу 0x00007FF718B65EAA в функции main() в файле C:/MIPT/proga/sem2/projects/mondelbrot/main.cpp на строке 57 в модуле C:\MIPT\proga\sem2\projects\mondelbrot\mandelbrot.exe. Спасибо _txVectoredExceptionHandler(), что сообщил. Люблю его <3

С помощью функции signal() вы можете сами обработать эту ошибку.

#2: TXLib [Ver: 00173a, Rev: 174, Date: 2025-08-17 06:00:49 +0400], Instance: 0x00007FF718BA99A4 (64-bit), Flags: CMdRe0, Thread: 0x625C (Main). 

--------------------------------------------------
Стек вызовов:

# 0 0x00007FF718B65EAA in C:\MIPT\proga\sem2\projects\mondelbrot\mandelbrot.exe: main() at C:/MIPT/proga/sem2/projects/mondelbrot/main.cpp:63:

     61:                         float curComplexSquare[UNWRAP_NUMBER]   = {0.0}; for(int i = 0; i < UNWRAP_NUMBER; i++) curComplexSquare[i]     = curComplexReSquare[i] + curComplexImSquare[i];
     62: 
=>   63:                         int curComplexCmp[UNWRAP_NUMBER]        = {0};   for(int i = 0; i < UNWRAP_NUMBER; i++) if(curComplexSquare[i] < MAX_COMPLEX_NUM_SIZE) curComplexCmp[i] = 1;
     64: 
     65:                         int mask = 0;

--------------------------------------------------
Developed with:

The Dumb Artist Library (TX Library)
TXLib [Ver: 00173a, Rev: 174, Date: 2025-08-17 06:00:49 +0400]
Copyright (C) Ded (Ilya Dedinsky, http://txlib.ru) <mail@txlib.ru>
See license on: http://txlib.ru

TXLib file:	C:\Users\Lenovo\Downloads\TX/TXLib.h
Compiled:	Apr  5 2026 14:14:59, GNU g++ 13.2.0, std=201703L, MinGW-W64 Runtime 11.0.1 (alpha - rev. 0) 0000-00-00, 64-bit, Release
Started:	Apr  5 2026 14:15:06

Run file:	C:\MIPT\proga\sem2\projects\mondelbrot\mandelbrot.exe
Directory:	C:\MIPT\proga\sem2\projects\mondelbrot

--------------------------------------------------
